"日期","收盘","开盘","高","低","交易量","涨跌幅"
"2025-7-22","27.17","25.73","27.17","25.72","270.62M","10.00%"
"2025-7-21","24.70","23.88","24.70","23.04","179.08M","10.02%"
"2025-7-18","22.45","22.45","22.57","22.31","16.39M","0.45%"
"2025-7-17","22.35","22.28","22.42","22.22","20.33M","0.09%"
"2025-7-16","22.33","22.60","22.73","22.06","43.50M","-1.19%"
"2025-7-15","22.60","23.22","23.36","22.55","39.92M","-2.46%"
"2025-7-14","23.17","22.75","23.31","22.71","43.83M","2.52%"
"2025-7-11","22.60","22.69","22.84","22.58","25.58M","-0.22%"
"2025-7-10","22.65","22.43","22.93","22.35","32.41M","1.03%"
"2025-7-9","22.42","22.45","22.75","22.38","27.14M","0.18%"
"2025-7-8","22.38","22.27","22.64","22.17","20.68M","0.49%"
"2025-7-7","22.27","22.17","22.40","22.16","18.18M","0.50%"
"2025-7-4","22.16","22.28","22.40","22.10","20.39M","-0.54%"
"2025-7-3","22.28","22.18","22.46","22.10","30.96M","0.68%"
"2025-7-2","22.13","21.43","22.16","21.41","37.23M","3.27%"
"2025-7-1","21.43","21.47","21.50","21.36","11.42M","-0.19%"
"2025-6-30","21.47","21.44","21.54","21.34","14.26M","0.14%"
"2025-6-27","21.44","21.63","21.63","21.35","19.59M","-3.16%"
"2025-6-26","22.14","22.13","22.30","22.00","22.20M","0.23%"
"2025-6-25","22.09","21.98","22.13","21.90","16.99M","0.55%"
"2025-6-24","21.97","21.62","21.99","21.60","18.53M","1.81%"
"2025-6-23","21.58","21.64","21.69","21.49","18.33M","-0.51%"
"2025-6-20","21.69","21.80","21.99","21.68","15.51M","-0.28%"
"2025-6-19","21.75","22.04","22.10","21.69","23.49M","-1.36%"
"2025-6-18","22.05","22.24","22.29","22.04","15.43M","-0.85%"
"2025-6-17","22.24","22.23","22.30","22.11","17.74M","0.32%"
"2025-6-16","22.17","22.30","22.41","22.13","19.70M","-0.81%"
"2025-6-13","22.35","22.51","22.61","22.34","21.53M","-0.84%"
"2025-6-12","22.54","22.72","22.74","22.51","21.31M","-0.97%"
"2025-6-11","22.76","22.75","22.88","22.71","15.95M","0.18%"
"2025-6-10","22.72","22.84","22.94","22.67","17.71M","-0.44%"
"2025-6-9","22.82","22.85","22.94","22.81","16.19M","-0.44%"
"2025-6-6","22.92","22.85","23.03","22.80","12.95M","0.53%"
"2025-6-5","22.80","23.03","23.14","22.73","19.39M","-1.00%"
"2025-6-4","23.03","22.80","23.16","22.79","18.87M","1.10%"
"2025-6-3","22.78","23.21","23.30","22.75","31.33M","-1.94%"
"2025-5-30","23.23","23.08","23.35","23.05","14.62M","0.48%"
"2025-5-29","23.12","23.10","23.19","23.05","12.39M","0.09%"
"2025-5-28","23.10","23.11","23.16","23.03","7.21M","0.00%"
"2025-5-27","23.10","23.11","23.21","23.04","9.62M","0.00%"
"2025-5-26","23.10","23.54","23.60","23.03","19.51M","-2.16%"
"2025-5-23","23.61","23.71","23.92","23.61","13.14M","-0.63%"
"2025-5-22","23.76","23.71","23.83","23.58","9.11M","-0.04%"
"2025-5-21","23.77","23.47","23.83","23.46","16.68M","1.32%"
"2025-5-20","23.46","23.54","23.59","23.37","14.44M","-0.09%"
"2025-5-19","23.48","23.50","23.66","23.45","13.62M","-0.21%"
"2025-5-16","23.53","23.87","23.93","23.41","20.66M","-1.26%"
"2025-5-15","23.83","24.00","24.13","23.83","13.90M","-0.96%"
"2025-5-14","24.06","23.86","24.08","23.80","14.71M","0.67%"
"2025-5-13","23.90","23.84","24.06","23.80","19.04M","0.59%"
"2025-5-12","23.76","24.00","24.00","23.73","23.59M","-1.00%"
"2025-5-9","24.00","23.93","24.06","23.71","17.44M","0.29%"
"2025-5-8","23.93","24.02","24.11","23.85","14.98M","-0.71%"
"2025-5-7","24.10","24.29","24.39","24.00","18.24M","0.33%"
"2025-5-6","24.02","24.11","24.21","23.93","14.70M","-0.25%"
"2025-4-30","24.08","24.47","24.50","23.96","14.98M","-1.43%"
"2025-4-29","24.43","24.55","24.61","24.32","8.29M","-0.45%"
"2025-4-28","24.54","24.60","24.81","24.45","8.40M","-0.12%"
"2025-4-25","24.57","24.98","25.04","24.57","13.82M","-1.29%"
"2025-4-24","24.89","24.90","25.17","24.85","10.10M","0.04%"
"2025-4-23","24.88","25.08","25.14","24.77","11.18M","-0.88%"
"2025-4-22","25.10","24.99","25.26","24.77","12.80M","0.88%"
"2025-4-21","24.88","25.08","25.15","24.75","12.88M","-0.92%"
"2025-4-18","25.11","25.19","25.43","25.01","12.57M","-0.83%"
"2025-4-17","25.32","25.38","25.53","25.15","12.94M","-0.71%"
"2025-4-16","25.50","25.33","25.50","24.98","18.14M","0.47%"
"2025-4-15","25.38","25.10","25.38","24.87","17.60M","0.83%"
"2025-4-14","25.17","25.35","25.55","25.09","21.29M","-1.60%"
"2025-4-11","25.58","25.80","25.81","25.08","22.30M","-0.47%"
"2025-4-10","25.70","25.98","25.98","25.10","29.34M","0.78%"
"2025-4-9","25.50","24.71","25.50","24.26","41.95M","2.74%"
"2025-4-8","24.82","23.99","24.86","23.87","46.12M","4.95%"
"2025-4-7","23.65","23.40","23.94","22.91","43.29M","-2.11%"
"2025-4-3","24.16","24.01","24.74","23.97","23.34M","0.37%"
"2025-4-2","24.07","24.20","24.34","24.07","11.08M","-0.54%"
"2025-4-1","24.20","24.27","24.48","24.10","14.32M","-0.37%"
"2025-3-31","24.29","24.82","25.05","24.19","18.20M","-1.26%"
"2025-3-28","24.60","24.86","24.86","24.35","10.76M","-0.65%"
"2025-3-27","24.76","24.70","24.99","24.50","14.16M","0.61%"
"2025-3-26","24.61","24.37","24.67","24.11","12.88M","1.32%"
"2025-3-25","24.29","24.60","24.68","23.90","27.51M","-1.86%"
"2025-3-24","24.75","24.87","25.08","24.66","16.50M","-0.68%"
"2025-3-21","24.92","24.67","25.36","24.61","22.22M","1.01%"
"2025-3-20","24.67","24.90","24.90","24.59","10.53M","-0.68%"
"2025-3-19","24.84","24.96","25.07","24.65","12.08M","-0.12%"
"2025-3-18","24.87","25.17","25.23","24.85","13.95M","-1.50%"
"2025-3-17","25.25","24.43","25.34","24.42","30.34M","3.65%"
"2025-3-14","24.36","24.17","24.43","24.08","14.65M","0.74%"
"2025-3-13","24.18","23.90","24.30","23.90","13.01M","1.21%"
"2025-3-12","23.89","24.20","24.20","23.83","11.87M","-1.28%"
"2025-3-11","24.20","23.90","24.20","23.79","13.17M","0.17%"
"2025-3-10","24.16","24.20","24.34","23.83","15.79M","0.29%"
"2025-3-7","24.09","23.92","24.14","23.81","14.04M","0.54%"
"2025-3-6","23.96","24.13","24.15","23.76","18.39M","-0.21%"
"2025-3-5","24.01","23.32","24.19","23.16","40.27M","3.49%"
"2025-3-4","23.20","23.30","23.30","23.00","13.10M","-0.47%"
"2025-3-3","23.31","23.29","23.57","23.19","15.83M","0.21%"
"2025-2-28","23.26","23.15","23.50","23.05","25.19M","0.87%"
"2025-2-27","23.06","22.67","23.30","22.67","23.64M","1.77%"
"2025-2-26","22.66","22.45","22.80","22.45","14.83M","0.76%"
"2025-2-25","22.49","22.60","22.90","22.44","18.79M","-0.75%"
"2025-2-24","22.66","22.60","22.89","22.47","20.81M","-0.04%"
"2025-2-21","22.67","23.04","23.13","22.61","24.95M","-1.90%"
"2025-2-20","23.11","23.19","23.29","23.05","12.00M","-0.77%"
"2025-2-19","23.29","23.40","23.53","23.18","13.29M","-0.43%"
"2025-2-18","23.39","23.48","23.61","23.26","13.55M","-0.38%"
"2025-2-17","23.48","23.83","23.89","23.45","17.89M","-1.47%"
"2025-2-14","23.83","24.17","24.23","23.78","14.40M","-1.12%"
"2025-2-13","24.10","23.78","24.37","23.73","20.88M","1.30%"
"2025-2-12","23.79","24.03","24.11","23.60","15.30M","-0.96%"
"2025-2-11","24.02","24.05","24.25","23.85","8.10M","-0.17%"
"2025-2-10","24.06","23.90","24.20","23.86","11.45M","0.42%"
"2025-2-7","23.96","23.81","24.10","23.60","14.11M","0.71%"
"2025-2-6","23.79","23.71","23.93","23.63","13.01M","0.25%"
"2025-2-5","23.73","24.91","24.98","23.72","21.69M","-4.70%"
"2025-1-27","24.90","24.50","25.05","24.46","15.25M","1.88%"
"2025-1-24","24.44","24.46","24.79","24.40","11.52M","-0.16%"
"2025-1-23","24.48","24.47","24.79","24.38","11.97M","0.37%"
"2025-1-22","24.39","24.45","24.55","24.29","7.66M","-0.25%"
"2025-1-21","24.45","24.56","24.73","24.35","7.83M","-0.45%"
"2025-1-20","24.56","24.73","24.76","24.28","11.76M","-0.20%"
"2025-1-17","24.61","24.60","24.78","24.25","11.90M","0.37%"
"2025-1-16","24.52","24.19","24.60","24.19","14.60M","1.41%"
"2025-1-15","24.18","23.86","24.27","23.59","14.74M","1.09%"
"2025-1-14","23.92","23.69","23.96","23.55","14.86M","0.46%"
"2025-1-13","23.81","23.63","24.11","23.46","12.28M","0.34%"
"2025-1-10","23.73","23.96","24.06","23.63","10.29M","-0.71%"
"2025-1-9","23.90","23.67","24.13","23.32","11.70M","0.63%"
"2025-1-8","23.75","23.76","24.04","23.56","13.35M","-0.21%"
"2025-1-7","23.80","23.45","23.80","23.38","12.83M","0.93%"
"2025-1-6","23.58","23.43","23.70","23.28","11.66M","0.64%"
"2025-1-3","23.43","23.43","23.74","23.36","14.90M","0.34%"
"2025-1-2","23.35","23.77","24.10","23.25","17.34M","-1.81%"
"2024-12-31","23.78","24.07","24.22","23.78","15.33M","-0.88%"
"2024-12-30","23.99","24.00","24.25","23.82","14.33M","-0.17%"
"2024-12-27","24.03","23.92","24.11","23.78","13.31M","0.54%"
"2024-12-26","23.90","24.48","24.51","23.62","21.37M","-2.53%"
"2024-12-25","24.52","24.33","24.55","24.26","9.03M","0.45%"
"2024-12-24","24.41","24.10","24.52","24.05","10.40M","1.29%"
"2024-12-23","24.10","24.04","24.40","24.02","14.56M","-0.12%"
"2024-12-20","24.13","24.50","24.55","24.11","13.99M","-1.31%"
"2024-12-19","24.45","24.43","24.56","24.26","12.11M","-0.45%"
"2024-12-18","24.56","24.73","25.14","24.52","13.33M","-0.16%"
"2024-12-17","24.60","24.75","24.96","24.55","17.55M","-0.69%"
"2024-12-16","24.77","26.01","26.06","24.70","40.25M","-5.13%"
"2024-12-13","26.11","25.96","26.25","25.71","25.11M","0.04%"
"2024-12-12","26.10","25.65","26.16","25.47","20.29M","1.75%"
"2024-12-11","25.65","25.82","26.07","25.58","17.97M","-0.31%"
"2024-12-10","25.73","26.20","26.47","25.61","25.39M","0.90%"
"2024-12-9","25.50","25.80","25.95","25.32","17.75M","-1.35%"
"2024-12-6","25.85","25.68","25.96","25.63","14.88M","0.98%"
"2024-12-5","25.60","25.70","25.80","25.32","14.88M","-1.01%"
"2024-12-4","25.86","26.00","26.00","25.65","13.52M","-0.65%"
"2024-12-3","26.03","25.60","26.10","25.60","17.99M","1.52%"
"2024-12-2","25.64","25.79","25.85","25.47","22.56M","-0.08%"
"2024-11-29","25.66","25.90","25.99","25.50","14.36M","-0.04%"
"2024-11-28","25.67","25.57","25.89","25.39","13.34M","0.04%"
"2024-11-27","25.66","25.14","25.66","25.04","12.21M","2.19%"
"2024-11-26","25.11","25.13","25.44","24.98","9.29M","-0.36%"
"2024-11-25","25.20","25.30","25.64","25.12","10.76M","-0.43%"
"2024-11-22","25.31","25.81","25.95","25.31","12.39M","-2.01%"
"2024-11-21","25.83","26.04","26.32","25.76","10.34M","-0.92%"
"2024-11-20","26.07","26.08","26.22","25.87","10.43M","0.31%"
"2024-11-19","25.99","26.36","26.50","25.53","20.05M","-1.40%"
"2024-11-18","26.36","26.02","27.03","26.02","29.70M","2.69%"
"2024-11-15","25.67","26.15","26.29","25.67","14.90M","-1.84%"
"2024-11-14","26.15","26.49","26.74","26.12","18.12M","-0.42%"
"2024-11-13","26.26","26.22","26.63","26.12","17.58M","-0.38%"
"2024-11-12","26.36","26.48","26.89","26.23","22.11M","-0.75%"
"2024-11-11","26.56","26.95","26.95","26.36","21.30M","-2.06%"
"2024-11-8","27.12","27.81","27.88","27.03","25.16M","-2.09%"
"2024-11-7","27.70","26.68","27.75","26.65","30.91M","3.28%"
"2024-11-6","26.82","27.08","27.15","26.45","21.55M","-0.85%"
"2024-11-5","27.05","26.59","27.20","26.48","22.61M","1.77%"
"2024-11-4","26.58","26.83","26.92","26.20","18.15M","-0.82%"
"2024-11-1","26.80","26.64","27.13","26.59","21.84M","0.19%"
"2024-10-31","26.75","27.07","27.08","26.38","23.54M","-0.15%"
"2024-10-30","26.79","25.90","27.07","25.85","43.82M","2.33%"
"2024-10-29","26.18","26.27","26.60","25.82","21.55M","-0.49%"
"2024-10-28","26.31","25.46","26.44","25.44","43.89M","3.38%"
"2024-10-25","25.45","25.11","25.66","25.10","18.30M","1.39%"
"2024-10-24","25.10","25.38","25.53","25.02","9.33M","-1.49%"
"2024-10-23","25.48","25.25","25.63","25.15","20.45M","1.03%"
"2024-10-22","25.22","25.20","25.23","24.88","14.88M","0.40%"
"2024-10-21","25.12","25.14","25.25","24.55","24.04M","-0.08%"
"2024-10-18","25.14","24.97","25.51","24.33","30.10M","0.64%"
"2024-10-17","24.98","25.85","26.01","24.95","26.53M","-2.42%"
"2024-10-16","25.60","25.20","26.16","25.10","34.67M","0.51%"
"2024-10-15","25.47","25.70","26.16","25.32","28.64M","-1.16%"
"2024-10-14","25.77","25.13","26.15","25.13","45.52M","3.62%"
"2024-10-11","24.87","24.80","25.30","24.65","26.38M","-0.40%"
"2024-10-10","24.97","24.09","25.56","23.84","41.10M","3.65%"
"2024-10-9","24.09","25.90","25.90","23.77","61.83M","-8.19%"
"2024-10-8","26.24","28.75","28.75","25.53","94.94M","0.38%"
"2024-9-30","26.14","25.50","26.47","25.19","83.57M","8.02%"
"2024-9-27","24.20","24.00","24.35","23.45","26.72M","4.81%"
"2024-9-26","23.09","21.48","23.12","21.41","38.90M","7.35%"
"2024-9-25","21.51","21.50","22.22","21.50","36.49M","2.87%"
"2024-9-24","20.91","20.21","20.96","20.07","26.20M","4.19%"
"2024-9-23","20.07","19.81","20.07","19.79","12.48M","1.01%"
"2024-9-20","19.87","19.88","19.95","19.53","18.21M","-0.30%"
"2024-9-19","19.93","20.25","20.38","19.81","24.74M","-1.48%"
"2024-9-18","20.23","20.09","20.32","20.00","10.41M","0.75%"
"2024-9-13","20.08","20.22","20.55","19.99","12.61M","-0.40%"
"2024-9-12","20.16","20.00","20.30","19.88","11.36M","0.70%"
"2024-9-11","20.02","19.79","20.12","19.61","11.32M","1.06%"
"2024-9-10","19.81","20.32","20.41","19.70","17.27M","-2.99%"
"2024-9-9","20.42","20.69","20.87","20.35","9.10M","-1.78%"
"2024-9-6","20.79","20.93","21.00","20.75","6.38M","-0.72%"
"2024-9-5","20.94","20.54","20.96","20.49","11.75M","1.95%"
"2024-9-4","20.54","20.60","20.74","20.34","10.22M","-0.87%"
"2024-9-3","20.72","20.88","20.98","20.58","11.62M","-0.67%"
"2024-9-2","20.86","20.87","21.12","20.65","12.56M","-0.29%"
"2024-8-30","20.92","20.60","21.46","20.42","18.84M","1.26%"
"2024-8-29","20.66","20.58","20.80","20.35","14.52M","0.83%"
"2024-8-28","20.49","20.92","21.11","20.37","26.50M","-2.80%"
"2024-8-27","21.08","21.38","21.50","20.95","13.34M","-1.72%"
"2024-8-26","21.45","21.56","21.71","21.27","11.55M","-0.69%"
"2024-8-23","21.60","21.26","21.72","21.20","10.32M","1.60%"
"2024-8-22","21.26","21.49","21.60","21.13","20.99M","-1.39%"
"2024-8-21","21.56","22.33","22.35","21.12","27.67M","-2.93%"
"2024-8-20","22.21","22.65","22.70","22.16","9.00M","-1.68%"
"2024-8-19","22.59","22.52","22.83","22.50","6.95M","0.22%"
"2024-8-16","22.54","22.71","22.79","22.37","9.40M","-0.75%"
"2024-8-15","22.71","22.59","22.88","22.50","8.22M","0.49%"
"2024-8-14","22.60","23.14","23.14","22.52","13.99M","-2.38%"
"2024-8-13","23.15","23.37","23.37","22.85","8.58M","-0.56%"
"2024-8-12","23.28","23.57","23.58","23.15","8.59M","-1.44%"
"2024-8-9","23.62","23.95","24.02","23.56","11.25M","-1.38%"
"2024-8-8","23.95","23.24","24.15","23.21","19.62M","2.92%"
"2024-8-7","23.27","23.60","23.88","23.25","11.72M","-1.10%"
"2024-8-6","23.53","23.20","23.62","23.07","16.20M","1.42%"
"2024-8-5","23.20","23.20","23.54","23.00","12.21M","0.00%"
"2024-8-2","23.20","23.55","23.55","23.09","14.95M","-1.57%"
"2024-8-1","23.57","24.17","24.17","23.55","19.93M","-2.48%"
"2024-7-31","24.17","24.27","24.28","23.81","16.42M","-0.12%"
"2024-7-30","24.20","24.08","24.28","23.93","12.27M","0.46%"
"2024-7-29","24.09","23.92","24.36","23.84","13.01M","0.71%"
"2024-7-26","23.92","23.80","23.98","23.56","10.51M","0.50%"
"2024-7-25","23.80","23.75","24.08","23.63","11.63M","-0.25%"
"2024-7-24","23.86","24.04","24.16","23.70","13.57M","-1.04%"
"2024-7-23","24.11","24.37","24.60","24.00","11.51M","-1.31%"
"2024-7-22","24.43","24.87","24.88","24.41","20.51M","-1.97%"
"2024-7-19","24.92","25.11","25.16","24.76","16.15M","-0.72%"
"2024-7-18","25.10","25.21","25.31","24.96","15.67M","-0.67%"
"2024-7-17","25.27","24.83","25.37","24.80","17.75M","1.73%"
"2024-7-16","24.84","24.86","24.90","24.53","8.91M","-0.08%"
"2024-7-15","24.86","24.64","24.91","24.46","10.33M","0.40%"
"2024-7-12","24.76","24.87","25.14","24.70","11.79M","-0.16%"
"2024-7-11","24.80","24.52","24.83","24.39","14.45M","1.18%"
"2024-7-10","24.51","24.70","24.74","24.31","14.42M","-0.77%"
"2024-7-9","24.70","24.60","24.87","24.43","19.14M","0.00%"
"2024-7-8","24.70","24.05","24.88","24.05","28.01M","2.19%"
"2024-7-5","24.17","23.90","24.54","23.90","19.91M","0.96%"
"2024-7-4","23.94","24.05","24.10","23.82","13.55M","-0.46%"
"2024-7-3","24.05","23.80","24.13","23.63","15.14M","1.14%"
"2024-7-2","23.78","23.36","23.99","23.36","20.45M","1.89%"
"2024-7-1","23.34","23.49","23.86","23.32","13.42M","-1.06%"
"2024-6-28","23.59","23.50","23.78","23.43","12.59M","0.21%"
"2024-6-27","23.54","23.70","23.97","23.49","15.78M","-0.59%"
"2024-6-26","23.68","23.55","23.72","23.20","17.48M","0.55%"
"2024-6-25","23.55","23.13","23.79","23.10","18.09M","1.77%"
"2024-6-24","23.14","23.53","24.00","23.10","23.07M","-5.74%"
"2024-6-21","24.55","23.65","24.60","23.65","24.35M","3.24%"
"2024-6-20","23.78","23.65","23.84","23.51","7.82M","0.30%"
"2024-6-19","23.71","23.76","23.94","23.61","5.67M","-0.50%"
"2024-6-18","23.83","23.60","23.87","23.59","7.25M","0.55%"
"2024-6-17","23.70","23.71","23.95","23.51","9.28M","-0.50%"
"2024-6-14","23.82","23.30","23.95","23.12","15.75M","2.32%"
"2024-6-13","23.28","23.87","23.95","23.21","14.06M","-2.47%"
"2024-6-12","23.87","23.85","23.98","23.71","8.42M","0.04%"
"2024-6-11","23.86","24.18","24.36","23.78","11.79M","-1.81%"
"2024-6-7","24.30","24.20","24.42","24.08","11.70M","0.12%"
"2024-6-6","24.27","24.33","24.48","24.01","12.77M","-0.33%"
"2024-6-5","24.35","24.53","24.78","24.30","12.11M","-0.86%"
"2024-6-4","24.56","24.25","24.74","24.00","15.30M","0.33%"
"2024-6-3","24.48","24.00","24.48","23.78","22.08M","1.96%"
"2024-5-31","24.01","24.55","24.69","23.99","17.30M","-2.12%"
"2024-5-30","24.53","24.46","24.67","24.33","14.37M","0.41%"
"2024-5-29","24.43","24.55","24.82","24.35","13.56M","-0.12%"
"2024-5-28","24.46","24.64","24.82","24.40","19.22M","-0.61%"
"2024-5-27","24.61","24.46","24.64","24.31","12.83M","0.74%"
"2024-5-24","24.43","24.85","24.89","24.40","17.56M","-1.73%"
"2024-5-23","24.86","25.13","25.18","24.69","21.73M","-1.23%"
"2024-5-22","25.17","25.25","25.84","25.16","22.60M","-0.91%"
"2024-5-21","25.40","25.33","25.95","25.19","20.80M","0.24%"
"2024-5-20","25.34","25.56","25.67","24.99","29.64M","-0.24%"
"2024-5-17","25.40","25.37","25.62","24.71","33.12M","0.12%"
"2024-5-16","25.37","24.33","25.75","24.26","54.97M","4.27%"
"2024-5-15","24.33","24.02","24.55","23.85","19.57M","1.12%"
"2024-5-14","24.06","24.38","24.44","24.00","13.61M","-1.23%"
"2024-5-13","24.36","24.15","24.46","23.86","18.21M","0.45%"
"2024-5-10","24.25","23.55","24.35","23.43","40.12M","2.97%"
"2024-5-9","23.55","23.18","23.69","23.18","18.45M","1.42%"
"2024-5-8","23.22","23.13","23.67","23.10","19.96M","0.04%"
"2024-5-7","23.21","23.22","23.25","22.81","15.31M","-0.04%"
"2024-5-6","23.22","23.28","23.42","23.07","18.00M","1.04%"
"2024-4-30","22.98","23.21","23.28","22.91","16.18M","-1.33%"
"2024-4-29","23.29","22.46","23.47","22.08","35.65M","2.28%"
"2024-4-26","22.77","22.51","22.80","22.25","17.03M","0.93%"
"2024-4-25","22.56","22.36","22.60","22.25","11.33M","0.80%"
"2024-4-24","22.38","22.67","22.72","22.11","21.21M","-0.93%"
"2024-4-23","22.59","23.19","23.19","22.53","18.57M","-2.63%"
"2024-4-22","23.20","23.23","23.42","22.98","15.64M","-0.13%"
"2024-4-19","23.23","22.80","23.35","22.77","18.45M","1.35%"
"2024-4-18","22.92","23.13","23.37","22.90","23.63M","-1.08%"
"2024-4-17","23.17","22.80","23.22","22.65","25.79M","1.62%"
"2024-4-16","22.80","22.70","23.05","22.58","24.06M","0.44%"
"2024-4-15","22.70","22.54","22.90","22.40","22.52M","0.67%"
"2024-4-12","22.55","22.74","22.94","22.48","24.59M","-1.31%"
"2024-4-11","22.85","21.92","22.88","21.92","53.18M","4.96%"
"2024-4-10","21.77","22.03","22.13","21.67","17.62M","-1.58%"
"2024-4-9","22.12","22.13","22.26","22.01","14.19M","-0.23%"
"2024-4-8","22.17","22.29","22.42","22.08","13.28M","-0.54%"
"2024-4-3","22.29","22.40","22.47","22.15","12.42M","-0.36%"
"2024-4-2","22.37","22.43","22.54","22.32","14.64M","-0.27%"
"2024-4-1","22.43","22.31","22.49","22.22","20.28M","0.67%"
"2024-3-29","22.28","22.14","22.28","22.12","8.70M","0.27%"
"2024-3-28","22.22","22.15","22.29","22.00","15.42M","0.27%"
"2024-3-27","22.16","22.39","22.56","22.15","14.80M","-0.76%"
"2024-3-26","22.33","22.37","22.41","22.13","16.83M","-0.27%"
"2024-3-25","22.39","22.24","22.57","22.09","18.02M","0.54%"
"2024-3-22","22.27","22.56","22.63","22.19","19.38M","-1.59%"
"2024-3-21","22.63","22.73","22.90","22.52","19.94M","-0.22%"
"2024-3-20","22.68","22.88","22.95","22.60","32.85M","-2.24%"
"2024-3-19","23.20","23.37","23.44","23.13","16.59M","-0.77%"
"2024-3-18","23.38","23.45","23.57","23.32","15.41M","-0.47%"
"2024-3-15","23.49","23.22","23.50","23.15","15.74M","0.99%"
"2024-3-14","23.26","23.06","23.50","23.05","17.40M","0.26%"
"2024-3-13","23.20","23.69","23.69","23.16","27.00M","-2.64%"
"2024-3-12","23.83","23.75","23.95","23.35","26.43M","0.34%"
"2024-3-11","23.75","23.80","23.93","23.52","16.86M","-0.21%"
"2024-3-8","23.80","24.13","24.15","23.70","16.27M","-1.53%"
"2024-3-7","24.17","23.95","24.46","23.92","19.22M","0.71%"
"2024-3-6","24.00","23.75","24.09","23.60","17.42M","1.05%"
"2024-3-5","23.75","23.34","23.76","23.24","19.29M","1.37%"
"2024-3-4","23.43","23.76","23.76","23.27","23.23M","-1.43%"
"2024-3-1","23.77","23.91","23.92","23.65","17.53M","-0.71%"
"2024-2-29","23.94","23.70","23.95","23.67","20.98M","0.34%"
"2024-2-28","23.86","24.03","24.10","23.69","20.86M","-0.83%"
"2024-2-27","24.06","24.06","24.19","23.88","16.17M","-0.29%"
"2024-2-26","24.13","24.51","24.58","24.08","15.54M","-1.91%"
"2024-2-23","24.60","24.65","24.81","24.35","15.22M","-0.32%"
"2024-2-22","24.68","24.61","24.77","24.39","14.37M","-0.24%"
"2024-2-21","24.74","24.39","25.08","24.23","21.60M","1.14%"
"2024-2-20","24.46","24.04","24.63","23.90","19.07M","1.33%"
"2024-2-19","24.14","24.22","24.28","23.59","19.77M","-0.37%"
"2024-2-8","24.23","23.83","24.23","23.62","26.93M","1.72%"
"2024-2-7","23.82","23.74","23.84","23.40","24.81M","0.34%"
"2024-2-6","23.74","23.15","23.89","23.07","25.80M","2.02%"
"2024-2-5","23.27","22.98","23.35","22.66","33.44M","1.26%"
"2024-2-2","22.98","23.00","23.32","22.43","20.49M","-0.09%"
"2024-2-1","23.00","23.04","23.32","22.76","18.91M","-0.48%"
"2024-1-31","23.11","22.68","23.33","22.63","23.92M","1.32%"
"2024-1-30","22.81","22.91","23.25","22.81","17.33M","-1.08%"
"2024-1-29","23.06","22.97","23.34","22.94","22.21M","1.05%"
"2024-1-26","22.82","22.84","23.34","22.61","22.34M","0.97%"
"2024-1-25","22.60","22.13","22.65","22.06","20.83M","2.12%"
"2024-1-24","22.13","21.84","22.24","21.42","15.14M","1.75%"
"2024-1-23","21.75","21.74","21.86","21.53","13.18M","-0.50%"
"2024-1-22","21.86","22.20","22.43","21.60","17.62M","-1.89%"
"2024-1-19","22.28","22.41","22.57","22.15","12.11M","-0.98%"
"2024-1-18","22.50","22.30","22.58","21.78","15.43M","0.63%"
"2024-1-17","22.36","22.73","22.77","22.36","15.43M","-2.02%"
"2024-1-16","22.82","22.58","22.87","22.46","17.51M","0.71%"
"2024-1-15","22.66","22.30","22.69","22.15","11.13M","1.21%"
"2024-1-12","22.39","22.33","22.63","22.25","9.44M","0.27%"
"2024-1-11","22.33","22.37","22.47","22.10","8.81M","-0.36%"
"2024-1-10","22.41","22.35","22.55","22.29","8.12M","-0.13%"
"2024-1-9","22.44","22.49","22.49","22.07","9.25M","0.00%"
"2024-1-8","22.44","22.50","22.73","22.30","14.67M","-0.22%"
"2024-1-5","22.49","22.32","22.83","21.92","18.30M","0.58%"
"2024-1-4","22.36","22.47","22.51","22.05","10.50M","-0.49%"
"2024-1-3","22.47","22.30","22.53","22.20","8.52M","0.54%"
"2024-1-2","22.35","22.55","22.56","22.32","8.08M","-0.93%"
"2023-12-29","22.56","22.61","22.75","22.33","14.53M","0.00%"
"2023-12-28","22.56","22.16","22.62","22.07","14.20M","1.81%"
"2023-12-27","22.16","22.01","22.18","21.90","9.42M","0.73%"
"2023-12-26","22.00","21.95","22.04","21.83","8.57M","0.09%"
"2023-12-25","21.98","21.76","21.99","21.63","8.93M","0.83%"
"2023-12-22","21.80","21.65","21.93","21.47","10.71M","0.51%"
"2023-12-21","21.69","21.45","21.72","21.32","12.52M","0.98%"
"2023-12-20","21.48","21.49","21.60","21.43","8.27M","0.05%"
"2023-12-19","21.47","21.49","21.62","21.30","9.68M","-0.51%"
"2023-12-18","21.58","21.75","21.89","21.49","10.37M","-1.19%"
"2023-12-15","21.84","21.72","22.22","21.70","13.58M","0.83%"
"2023-12-14","21.66","21.70","21.83","21.59","8.24M","0.46%"
"2023-12-13","21.56","22.15","22.16","21.40","13.62M","-2.49%"
"2023-12-12","22.11","21.79","22.19","21.70","10.79M","1.28%"
"2023-12-11","21.83","21.78","21.87","21.36","16.87M","0.05%"
"2023-12-8","21.82","22.00","22.19","21.78","16.08M","-0.82%"
"2023-12-7","22.00","22.12","22.18","21.75","16.06M","-0.50%"
"2023-12-6","22.11","22.25","22.41","22.06","15.35M","-0.72%"
"2023-12-5","22.27","22.53","22.72","22.26","12.96M","-1.37%"
"2023-12-4","22.58","22.86","22.99","22.57","13.61M","-1.22%"
"2023-12-1","22.86","22.98","23.05","22.68","16.53M","-0.61%"
"2023-11-30","23.00","23.05","23.18","22.91","11.67M","-0.56%"
"2023-11-29","23.13","23.45","23.60","23.03","18.40M","-1.62%"
"2023-11-28","23.51","23.36","23.52","23.30","9.27M","0.69%"
"2023-11-27","23.35","23.77","23.77","23.27","17.08M","-1.77%"
"2023-11-24","23.77","24.00","24.07","23.70","13.84M","0.13%"
"2023-11-23","23.74","23.69","23.75","23.49","8.74M","0.55%"
"2023-11-22","23.61","23.66","23.91","23.57","12.47M","-0.59%"
"2023-11-21","23.75","23.49","24.00","23.49","21.70M","1.28%"
"2023-11-20","23.45","23.39","23.47","23.30","10.65M","0.13%"
"2023-11-17","23.42","23.67","23.77","23.27","23.23M","-1.68%"
"2023-11-16","23.82","23.89","23.92","23.59","10.46M","-0.46%"
"2023-11-15","23.93","23.73","24.18","23.72","19.88M","1.83%"
"2023-11-14","23.50","23.58","23.72","23.41","13.35M","-0.30%"
"2023-11-13","23.57","23.54","23.68","23.32","12.94M","0.17%"
"2023-11-10","23.53","23.80","23.80","23.48","14.29M","-1.34%"
"2023-11-9","23.85","23.75","24.00","23.75","12.24M","0.42%"
"2023-11-8","23.75","23.83","23.95","23.65","15.86M","-0.46%"
"2023-11-7","23.86","24.11","24.12","23.78","16.57M","-0.95%"
"2023-11-6","24.09","24.00","24.16","23.85","16.57M","1.35%"
"2023-11-3","23.77","23.70","23.84","23.69","11.67M","0.21%"
"2023-11-2","23.72","23.80","23.95","23.69","10.03M","-0.34%"
"2023-11-1","23.80","24.22","24.28","23.60","16.78M","-1.61%"
"2023-10-31","24.19","24.33","24.50","23.96","13.05M","-0.58%"
"2023-10-30","24.33","24.30","24.68","24.10","18.01M","-0.73%"
"2023-10-27","24.51","23.85","24.66","23.85","15.88M","1.79%"
"2023-10-26","24.08","24.70","24.96","23.77","29.36M","-3.41%"
"2023-10-25","24.93","24.50","25.02","24.18","40.23M","6.49%"
"2023-10-24","23.41","23.68","23.79","23.26","18.70M","-0.85%"
"2023-10-23","23.61","24.00","24.05","23.47","13.75M","-1.87%"
"2023-10-20","24.06","24.21","24.30","24.02","9.24M","-0.62%"
"2023-10-19","24.21","24.66","24.79","24.20","11.56M","-2.54%"
"2023-10-18","24.84","24.92","25.00","24.67","11.67M","-0.12%"
"2023-10-17","24.87","25.14","25.14","24.66","9.66M","-0.64%"
"2023-10-16","25.03","25.26","25.33","24.94","10.24M","-0.71%"
"2023-10-13","25.21","25.49","25.50","25.12","7.60M","-1.48%"
"2023-10-12","25.59","24.98","25.73","24.98","12.34M","2.69%"
"2023-10-11","24.92","25.10","25.32","24.81","12.99M","-0.60%"
"2023-10-10","25.07","25.61","25.83","25.00","16.32M","-2.11%"
"2023-10-9","25.61","25.99","25.99","25.53","11.50M","-1.61%"
"2023-9-28","26.03","26.08","26.26","25.99","7.69M","-0.15%"
"2023-9-27","26.07","26.16","26.38","25.90","13.99M","-0.31%"
"2023-9-26","26.15","26.40","26.59","26.11","12.53M","-1.17%"
"2023-9-25","26.46","26.74","26.90","26.43","11.62M","-0.75%"
"2023-9-22","26.66","26.65","26.74","26.28","12.78M","0.53%"
"2023-9-21","26.52","26.95","27.04","26.45","15.81M","-1.60%"
"2023-9-20","26.95","26.64","27.08","26.48","25.42M","1.24%"
"2023-9-19","26.62","25.91","26.65","25.90","18.80M","2.74%"
"2023-9-18","25.91","26.40","26.42","25.81","14.10M","-1.97%"
"2023-9-15","26.43","26.05","26.60","25.95","20.93M","1.50%"
"2023-9-14","26.04","25.62","26.06","25.60","14.24M","1.32%"
"2023-9-13","25.70","25.60","25.81","25.57","8.99M","0.23%"
"2023-9-12","25.64","25.83","25.83","25.55","10.93M","-0.74%"
"2023-9-11","25.83","26.05","26.09","25.79","15.25M","-0.58%"
"2023-9-8","25.98","25.94","26.18","25.82","9.28M","-0.08%"
"2023-9-7","26.00","26.10","26.32","25.94","9.51M","-1.14%"
"2023-9-6","26.30","26.39","26.44","25.93","15.14M","-0.53%"
"2023-9-5","26.44","27.38","27.38","26.38","19.58M","-3.01%"
"2023-9-4","27.26","26.68","27.36","26.62","32.90M","3.30%"
"2023-9-1","26.39","25.80","26.50","25.80","24.10M","2.76%"
"2023-8-31","25.68","25.95","26.28","25.52","15.65M","-1.34%"
"2023-8-30","26.03","26.51","26.52","25.92","14.91M","-1.21%"
"2023-8-29","26.35","26.31","26.45","25.91","22.82M","-0.60%"
"2023-8-28","26.51","27.03","27.39","26.43","38.78M","1.61%"
"2023-8-25","26.09","25.62","26.40","25.61","20.81M","1.16%"
"2023-8-24","25.79","25.84","26.07","25.45","16.56M","-0.46%"
"2023-8-23","25.91","26.09","26.22","25.76","19.92M","-0.65%"
"2023-8-22","26.08","25.70","26.28","25.62","29.65M","2.19%"
"2023-8-21","25.52","25.68","25.88","25.41","16.61M","-0.62%"
"2023-8-18","25.68","25.58","26.08","25.58","17.57M","0.16%"
"2023-8-17","25.64","25.35","25.97","25.13","22.62M","0.47%"
"2023-8-16","25.52","25.33","25.80","25.11","16.01M","0.59%"
"2023-8-15","25.37","25.36","25.64","24.97","13.58M","0.04%"
"2023-8-14","25.36","25.21","25.61","24.76","18.07M","0.04%"
"2023-8-11","25.35","25.94","26.09","25.30","15.61M","-2.16%"
"2023-8-10","25.91","26.00","26.16","25.72","12.27M","-0.42%"
"2023-8-9","26.02","26.00","26.12","25.76","15.03M","0.35%"
"2023-8-8","25.93","26.40","26.56","25.91","19.43M","-1.52%"
"2023-8-7","26.33","26.87","26.90","26.21","22.68M","-1.57%"
"2023-8-4","26.75","27.20","27.49","26.73","25.14M","-0.93%"
"2023-8-3","27.00","26.76","27.08","26.67","15.50M","0.41%"
"2023-8-2","26.89","26.65","27.27","26.60","29.45M","0.86%"
"2023-8-1","26.66","27.00","27.09","26.58","29.32M","-1.77%"
"2023-7-31","27.14","26.40","27.20","26.38","76.57M","4.79%"
"2023-7-28","25.90","25.38","26.00","25.27","41.13M","3.06%"
"2023-7-27","25.13","24.91","25.76","24.72","45.84M","0.84%"
"2023-7-26","24.92","24.70","25.00","24.70","27.29M","0.89%"
"2023-7-25","24.70","24.52","24.99","24.47","41.68M","3.43%"
"2023-7-24","23.88","23.96","23.99","23.65","16.85M","0.21%"
"2023-7-21","23.83","23.66","23.85","23.63","12.12M","0.72%"
"2023-7-20","23.66","23.57","23.88","23.57","17.33M","0.38%"
"2023-7-19","23.57","23.53","23.59","23.41","9.45M","0.51%"
"2023-7-18","23.45","23.55","23.57","23.35","7.76M","0.00%"
"2023-7-17","23.45","23.58","23.58","23.34","6.50M","-0.55%"
"2023-7-14","23.58","23.53","23.63","23.46","7.79M","0.21%"
"2023-7-13","23.53","23.33","23.56","23.32","11.26M","1.20%"
"2023-7-12","23.25","23.49","23.52","23.23","13.57M","-1.02%"
"2023-7-11","23.49","23.56","23.73","23.44","11.41M","0.13%"
"2023-7-10","23.46","23.56","23.67","23.43","8.54M","0.09%"
"2023-7-7","23.44","23.51","23.55","23.36","8.90M","-0.47%"
"2023-7-6","23.55","23.69","23.79","23.52","11.10M","-0.76%"
"2023-7-5","23.73","23.90","23.94","23.68","10.50M","-0.75%"
"2023-7-4","23.91","24.02","24.03","23.83","8.54M","-0.29%"
"2023-7-3","23.98","23.85","24.11","23.82","12.70M","1.01%"
"2023-6-30","23.74","23.68","24.03","23.68","11.56M","0.25%"
"2023-6-29","23.68","24.09","24.17","23.66","13.18M","-1.91%"
"2023-6-28","24.14","24.25","24.45","23.92","8.66M","-0.74%"
"2023-6-27","24.32","23.66","24.36","23.64","14.56M","3.09%"
"2023-6-26","23.59","23.92","23.92","23.58","13.35M","-1.75%"
"2023-6-21","24.01","24.28","24.35","24.00","15.72M","-1.19%"
"2023-6-20","24.30","24.84","24.84","24.23","20.63M","-7.53%"
"2023-6-19","26.28","26.64","26.69","26.18","18.23M","-1.31%"
"2023-6-16","26.63","26.42","26.75","26.40","20.20M","1.14%"
"2023-6-15","26.33","25.71","26.33","25.71","21.22M","2.17%"
"2023-6-14","25.77","25.75","25.96","25.65","17.48M","0.31%"
"2023-6-13","25.69","25.58","25.77","25.45","18.50M","0.51%"
"2023-6-12","25.56","26.12","26.21","25.05","41.25M","-2.48%"
"2023-6-9","26.21","26.51","26.83","26.13","46.36M","-1.17%"
"2023-6-8","26.52","25.62","26.66","25.55","35.24M","3.51%"
"2023-6-7","25.62","25.40","25.80","25.40","12.34M","0.75%"
"2023-6-6","25.43","25.59","25.99","25.39","18.28M","-0.59%"
"2023-6-5","25.58","25.43","25.75","25.31","12.75M","0.43%"
"2023-6-2","25.47","25.14","25.53","25.09","17.14M","1.88%"
"2023-6-1","25.00","25.03","25.24","24.91","12.51M","-0.24%"
"2023-5-31","25.06","25.10","25.49","25.06","16.87M","-0.87%"
"2023-5-30","25.28","25.39","25.58","25.07","13.99M","-0.67%"
"2023-5-29","25.45","26.01","26.01","25.41","15.22M","-2.57%"
"2023-5-26","26.12","25.63","26.14","25.61","11.16M","2.03%"
"2023-5-25","25.60","25.89","25.93","25.44","16.09M","-1.31%"
"2023-5-24","25.94","26.37","26.51","25.93","17.11M","-2.15%"
"2023-5-23","26.51","26.56","26.75","26.51","10.20M","-0.53%"
"2023-5-22","26.65","26.37","26.77","26.31","12.89M","1.06%"
"2023-5-19","26.37","26.42","26.60","26.10","13.76M","-0.30%"
"2023-5-18","26.45","26.47","26.63","26.35","11.06M","-0.08%"
"2023-5-17","26.47","26.80","26.82","26.36","16.12M","-1.38%"
"2023-5-16","26.84","27.24","27.24","26.77","14.13M","-1.61%"
"2023-5-15","27.28","27.01","27.35","26.85","10.82M","0.81%"
"2023-5-12","27.06","27.38","27.50","26.99","13.91M","-1.13%"
"2023-5-11","27.37","27.40","27.61","27.22","11.65M","-0.29%"
"2023-5-10","27.45","27.52","27.75","27.31","14.85M","-0.76%"
"2023-5-9","27.66","27.50","28.14","27.29","35.49M","0.84%"
"2023-5-8","27.43","27.08","27.53","26.85","20.55M","1.37%"
"2023-5-5","27.06","27.10","27.39","26.66","17.53M","0.19%"
"2023-5-4","27.01","26.84","27.13","26.62","16.78M","0.48%"
"2023-4-28","26.88","26.67","27.00","26.66","15.24M","0.83%"
"2023-4-27","26.66","26.62","26.87","26.42","17.90M","-0.78%"
"2023-4-26","26.87","26.98","27.08","26.67","12.08M","-0.48%"
"2023-4-25","27.00","27.10","27.22","26.70","15.94M","-0.37%"
"2023-4-24","27.10","27.56","27.56","27.00","19.08M","-1.67%"
"2023-4-21","27.56","28.01","28.27","27.50","19.46M","-1.57%"
"2023-4-20","28.00","27.97","28.12","27.80","16.42M","0.11%"
"2023-4-19","27.97","28.50","28.52","27.92","22.13M","-1.86%"
"2023-4-18","28.50","28.51","28.66","28.42","18.34M","-0.28%"
"2023-4-17","28.58","28.40","28.65","28.35","22.03M","-0.10%"
"2023-4-14","28.61","28.71","28.87","28.57","12.25M","-0.07%"
"2023-4-13","28.63","28.98","28.98","28.57","17.19M","-1.62%"
"2023-4-12","29.10","29.03","29.19","28.82","15.02M","0.14%"
"2023-4-11","29.06","28.53","29.16","28.36","29.79M","1.75%"
"2023-4-10","28.56","28.63","28.72","28.46","13.08M","-0.10%"
"2023-4-7","28.59","28.41","28.65","28.33","12.53M","0.67%"
"2023-4-6","28.40","28.45","28.55","28.30","10.44M","-0.63%"
"2023-4-4","28.58","28.34","28.70","28.22","24.18M","0.85%"
"2023-4-3","28.34","28.27","28.51","28.10","22.57M","0.32%"
"2023-3-31","28.25","28.41","28.70","28.25","19.16M","-0.49%"
"2023-3-30","28.39","28.10","28.53","27.80","20.88M","1.21%"
"2023-3-29","28.05","28.19","28.38","28.00","18.75M","-0.46%"
"2023-3-28","28.18","28.24","28.43","27.90","22.77M","-0.14%"
"2023-3-27","28.22","28.89","28.89","28.04","24.97M","-2.52%"
"2023-3-24","28.95","29.20","29.20","28.80","18.82M","-0.96%"
"2023-3-23","29.23","29.08","29.29","28.84","13.75M","0.10%"
"2023-3-22","29.20","29.29","29.39","29.03","13.26M","0.07%"
"2023-3-21","29.18","29.36","29.44","29.00","11.16M","0.14%"
"2023-3-20","29.14","29.40","30.10","29.13","21.30M","-0.85%"
"2023-3-17","29.39","29.65","29.84","29.26","22.89M","-0.07%"
"2023-3-16","29.41","29.43","29.77","29.28","14.35M","-0.74%"
"2023-3-15","29.63","29.18","29.78","29.14","18.41M","1.96%"
"2023-3-14","29.06","29.30","29.54","29.00","14.72M","-0.62%"
"2023-3-13","29.24","29.10","29.50","28.93","19.01M","0.17%"
"2023-3-10","29.19","29.58","29.59","29.07","20.49M","-1.68%"
"2023-3-9","29.69","30.20","30.24","29.60","17.33M","-1.69%"
"2023-3-8","30.20","30.30","30.31","29.90","15.35M","-0.53%"
"2023-3-7","30.36","30.88","31.16","30.29","23.58M","-1.84%"
"2023-3-6","30.93","31.72","31.72","30.70","29.85M","-2.49%"
"2023-3-3","31.72","31.69","31.79","31.30","15.45M","0.25%"
"2023-3-2","31.64","31.05","31.93","30.93","24.49M","1.28%"
"2023-3-1","31.24","30.95","31.55","30.95","26.14M","1.83%"
"2023-2-28","30.68","30.72","30.93","30.21","21.35M","-0.07%"
"2023-2-27","30.70","30.95","31.27","30.53","17.22M","-1.25%"
"2023-2-24","31.09","31.68","31.68","30.80","26.38M","-2.11%"
"2023-2-23","31.76","31.54","31.84","31.48","19.06M","0.70%"
"2023-2-22","31.54","31.82","31.94","31.38","18.30M","-1.28%"
"2023-2-21","31.95","31.77","32.30","31.51","36.43M","0.60%"
"2023-2-20","31.76","30.20","31.79","30.17","59.05M","5.66%"
"2023-2-17","30.06","30.13","30.79","30.05","22.15M","-0.20%"
"2023-2-16","30.12","30.11","30.85","29.85","35.92M","0.43%"
"2023-2-15","29.99","29.98","30.50","29.96","28.75M","0.10%"
"2023-2-14","29.96","29.96","30.15","29.65","22.44M","-0.20%"
"2023-2-13","30.02","28.90","30.17","28.73","51.46M","3.88%"
"2023-2-10","28.90","28.59","29.04","28.57","15.12M","0.73%"
"2023-2-9","28.69","28.58","28.75","28.52","14.00M","0.35%"
"2023-2-8","28.59","28.88","28.99","28.53","13.57M","-0.97%"
"2023-2-7","28.87","28.64","29.28","28.63","16.49M","0.80%"
"2023-2-6","28.64","28.80","28.93","28.46","15.46M","-1.48%"
"2023-2-3","29.07","29.41","29.45","28.85","21.41M","-1.79%"
"2023-2-2","29.60","29.45","29.79","29.26","21.96M","0.27%"
"2023-2-1","29.52","29.45","29.54","29.05","21.49M","0.34%"
"2023-1-31","29.42","28.97","29.66","28.91","18.87M","1.00%"
"2023-1-30","29.13","30.09","30.09","29.06","27.64M","-1.19%"
"2023-1-20","29.48","29.07","29.49","28.96","16.39M","1.45%"
"2023-1-19","29.06","29.00","29.08","28.76","17.77M","0.10%"
"2023-1-18","29.03","29.18","29.29","28.80","15.26M","-0.55%"
"2023-1-17","29.19","29.33","29.48","28.95","13.44M","-0.44%"
"2023-1-16","29.32","28.84","29.64","28.77","25.32M","1.38%"
"2023-1-13","28.92","28.06","29.00","28.06","25.39M","3.10%"
"2023-1-12","28.05","28.41","28.48","27.91","16.25M","-1.75%"
"2023-1-11","28.55","28.44","28.72","28.35","11.18M","0.71%"
"2023-1-10","28.35","28.44","28.66","28.22","9.95M","-0.32%"
"2023-1-9","28.44","28.66","28.85","28.36","14.00M","-0.49%"
"2023-1-6","28.58","28.50","28.76","28.31","13.91M","0.70%"
"2023-1-5","28.38","28.28","28.54","28.15","13.80M","0.85%"
"2023-1-4","28.14","27.72","28.61","27.62","19.37M","1.55%"
"2023-1-3","27.71","27.39","27.77","27.08","11.09M","1.21%"
"2022-12-30","27.38","27.50","27.75","27.34","13.93M","0.00%"
"2022-12-29","27.38","27.83","27.83","27.25","14.66M","-1.93%"
"2022-12-28","27.92","28.15","28.16","27.80","15.64M","-0.82%"
"2022-12-27","28.15","28.11","28.45","28.07","13.24M","0.54%"
"2022-12-26","28.00","28.29","28.58","27.81","16.26M","-1.06%"
"2022-12-23","28.30","28.26","28.74","28.02","9.64M","-0.49%"
"2022-12-22","28.44","28.38","29.17","28.32","16.29M","0.78%"
"2022-12-21","28.22","28.10","28.53","28.10","10.19M","0.36%"
"2022-12-20","28.12","28.51","28.56","28.00","15.49M","-1.95%"
"2022-12-19","28.68","29.65","30.00","28.50","23.26M","-3.24%"
"2022-12-16","29.64","28.65","30.00","28.63","32.04M","2.92%"
"2022-12-15","28.80","29.65","29.78","28.71","24.76M","-3.03%"
"2022-12-14","29.70","29.70","29.78","29.25","20.38M","0.00%"
"2022-12-13","29.70","29.39","29.78","29.22","16.23M","0.54%"
"2022-12-12","29.54","30.06","30.45","29.49","28.57M","-2.35%"
"2022-12-9","30.25","29.00","30.48","28.90","49.47M","4.35%"
"2022-12-8","28.99","28.70","29.18","28.70","15.34M","0.66%"
"2022-12-7","28.80","29.12","29.23","28.61","19.31M","-1.06%"
"2022-12-6","29.11","29.59","29.75","29.08","22.23M","-2.32%"
"2022-12-5","29.80","28.38","29.89","28.38","41.21M","5.75%"
"2022-12-2","28.18","28.54","28.60","28.10","16.55M","-1.47%"
"2022-12-1","28.60","28.99","29.25","28.53","19.41M","0.03%"
"2022-11-30","28.59","28.99","29.43","28.56","28.85M","-1.41%"
"2022-11-29","29.00","27.99","29.18","27.88","39.34M","5.65%"
"2022-11-28","27.45","27.70","27.70","27.11","17.76M","-2.73%"
"2022-11-25","28.22","27.72","28.30","27.72","20.29M","1.84%"
"2022-11-24","27.71","27.80","28.24","27.60","17.95M","0.43%"
"2022-11-23","27.59","27.56","28.05","27.42","15.62M","-0.25%"
"2022-11-22","27.66","27.62","28.13","27.38","13.74M","0.51%"
"2022-11-21","27.52","27.88","27.88","26.89","19.96M","-1.29%"
"2022-11-18","27.88","28.40","28.57","27.80","24.03M","-1.76%"
"2022-11-17","28.38","28.50","28.74","28.00","21.62M","-0.53%"
"2022-11-16","28.53","28.92","28.98","28.42","24.20M","-1.93%"
"2022-11-15","29.09","27.60","29.31","27.26","50.85M","5.47%"
"2022-11-14","27.58","27.80","28.12","27.21","50.13M","2.15%"
"2022-11-11","27.00","26.44","27.27","26.28","38.65M","3.69%"
"2022-11-10","26.04","25.85","26.14","25.68","14.05M","0.12%"
"2022-11-9","26.01","25.95","26.35","25.81","12.25M","0.00%"
"2022-11-8","26.01","25.93","26.25","25.85","15.00M","-0.19%"
"2022-11-7","26.06","25.55","26.24","25.48","21.65M","1.40%"
"2022-11-4","25.70","24.91","25.85","24.91","28.00M","3.05%"
"2022-11-3","24.94","25.00","25.07","24.78","14.77M","-1.34%"
"2022-11-2","25.28","25.03","25.39","24.80","25.16M","0.04%"
"2022-11-1","25.27","24.35","25.29","24.08","32.53M","4.08%"
"2022-10-31","24.28","25.15","25.19","24.20","29.62M","-4.03%"
"2022-10-28","25.30","25.99","26.50","25.24","35.47M","-6.47%"
"2022-10-27","27.05","26.77","27.18","26.77","14.71M","1.08%"
"2022-10-26","26.76","26.64","27.20","26.62","15.70M","-0.19%"
"2022-10-25","26.81","26.66","27.06","26.36","15.07M","1.02%"
"2022-10-24","26.54","27.80","27.90","26.50","29.04M","-4.50%"
"2022-10-21","27.79","27.91","28.50","27.61","15.80M","-0.11%"
"2022-10-20","27.82","27.80","28.18","27.70","11.05M","-0.71%"
"2022-10-19","28.02","28.33","28.50","28.02","14.44M","-1.27%"
"2022-10-18","28.38","28.76","28.93","28.36","10.89M","-0.87%"
"2022-10-17","28.63","28.80","28.80","28.31","16.68M","-0.93%"
"2022-10-14","28.90","28.80","29.10","28.66","15.54M","0.94%"
"2022-10-13","28.63","28.10","29.08","27.96","19.32M","1.02%"
"2022-10-12","28.34","27.85","28.37","27.36","14.49M","1.40%"
"2022-10-11","27.95","28.21","28.33","27.54","13.23M","-0.85%"
"2022-10-10","28.19","28.73","29.10","28.03","15.95M","-2.15%"
"2022-9-30","28.81","28.18","29.15","28.18","28.49M","2.49%"
"2022-9-29","28.11","28.39","29.10","28.00","18.44M","-0.67%"
"2022-9-28","28.30","28.50","28.76","28.20","15.63M","-1.08%"
"2022-9-27","28.61","28.36","28.65","28.12","13.40M","0.99%"
"2022-9-26","28.33","28.50","28.85","28.31","14.70M","-1.15%"
"2022-9-23","28.66","28.73","29.14","28.55","14.12M","-0.24%"
"2022-9-22","28.73","28.87","29.05","28.62","18.09M","-1.54%"
"2022-9-21","29.18","29.41","29.45","28.74","24.39M","-1.35%"
"2022-9-20","29.58","30.61","30.65","29.22","39.08M","-2.86%"
"2022-9-19","30.45","31.19","31.19","30.35","21.45M","-2.37%"
"2022-9-16","31.19","32.02","32.17","31.01","33.85M","-3.23%"
"2022-9-15","32.23","31.64","32.45","31.64","26.02M","2.03%"
"2022-9-14","31.59","31.57","32.08","31.49","16.12M","-1.16%"
"2022-9-13","31.96","31.37","32.38","31.17","31.52M","1.88%"
"2022-9-9","31.37","30.22","31.50","30.16","44.96M","3.87%"
"2022-9-8","30.20","30.35","30.54","30.05","19.97M","-0.69%"
"2022-9-7","30.41","30.80","30.90","30.22","29.42M","-1.90%"
"2022-9-6","31.00","31.05","31.20","30.77","20.19M","-0.03%"
"2022-9-5","31.01","31.04","31.23","30.50","22.64M","-0.51%"
"2022-9-2","31.17","31.60","31.90","31.07","17.74M","-1.36%"
"2022-9-1","31.60","31.50","32.27","31.00","25.80M","-1.00%"
"2022-8-31","31.92","30.89","31.92","30.67","35.38M","3.00%"
"2022-8-30","30.99","31.39","31.96","30.84","20.66M","-1.37%"
"2022-8-29","31.42","31.55","31.77","31.10","15.49M","-1.23%"
"2022-8-26","31.81","31.87","32.00","31.36","19.22M","-0.90%"
"2022-8-25","32.10","31.32","32.29","31.15","31.08M","3.45%"
"2022-8-24","31.03","31.46","31.59","31.00","18.76M","-1.40%"
"2022-8-23","31.47","32.18","32.23","31.35","20.06M","-2.21%"
"2022-8-22","32.18","31.89","32.34","31.75","14.57M","0.88%"
"2022-8-19","31.90","31.63","32.06","31.60","17.02M","0.89%"
"2022-8-18","31.62","32.60","32.70","31.58","28.74M","-3.48%"
"2022-8-17","32.76","32.77","32.88","32.16","15.43M","0.03%"
"2022-8-16","32.75","32.76","33.06","32.61","11.79M","0.24%"
"2022-8-15","32.67","32.88","33.22","32.60","13.03M","-0.64%"
"2022-8-12","32.88","32.67","32.99","32.53","9.40M","0.49%"
"2022-8-11","32.72","32.53","32.79","32.19","12.27M","1.08%"
"2022-8-10","32.37","32.50","33.00","32.11","14.35M","-0.40%"
"2022-8-9","32.50","32.54","32.69","32.33","11.77M","-0.15%"
"2022-8-8","32.55","32.03","32.60","31.95","16.70M","1.62%"
"2022-8-5","32.03","31.26","32.08","31.00","18.90M","2.69%"
"2022-8-4","31.19","31.10","31.29","30.93","11.45M","1.00%"
"2022-8-3","30.88","31.19","31.65","30.85","15.75M","-1.40%"
"2022-8-2","31.32","31.93","31.93","31.07","22.45M","-3.21%"
"2022-8-1","32.36","32.43","32.50","32.00","13.98M","-0.43%"
"2022-7-29","32.50","33.01","33.22","32.44","17.84M","-1.46%"
"2022-7-28","32.98","33.00","33.23","32.91","11.40M","0.21%"
"2022-7-27","32.91","33.35","33.50","32.90","17.29M","-1.53%"
"2022-7-26","33.42","33.19","33.49","32.88","15.52M","0.69%"
"2022-7-25","33.19","33.29","33.54","33.11","15.21M","-0.27%"
"2022-7-22","33.28","34.00","34.13","33.05","30.40M","-2.18%"
"2022-7-21","34.02","34.30","34.49","34.01","13.41M","-1.53%"
"2022-7-20","34.55","34.96","34.97","34.43","10.56M","-0.55%"
"2022-7-19","34.74","34.98","35.00","34.58","15.27M","-1.05%"
"2022-7-18","35.11","34.00","35.41","33.85","20.69M","3.26%"
"2022-7-15","34.00","34.60","34.93","34.00","19.69M","-2.21%"
"2022-7-14","34.77","35.12","35.15","34.61","14.60M","-1.64%"
"2022-7-13","35.35","35.89","36.06","35.13","17.81M","-1.23%"
"2022-7-12","35.79","35.10","36.00","34.98","30.65M","1.82%"
"2022-7-11","35.15","34.60","35.35","34.30","22.76M","0.43%"
"2022-7-8","35.00","34.99","35.30","34.78","13.59M","0.46%"
"2022-7-7","34.84","34.95","35.07","34.57","14.13M","-0.34%"
"2022-7-6","34.96","35.75","35.85","34.70","24.40M","-2.59%"
"2022-7-5","35.89","36.03","36.35","35.36","26.94M","-0.31%"
"2022-7-4","36.00","35.77","36.21","35.40","31.58M","1.24%"
"2022-7-1","35.56","35.42","35.95","35.23","32.24M","0.79%"
"2022-6-30","35.28","34.80","35.51","34.61","36.23M","1.79%"
"2022-6-29","34.66","34.39","34.88","34.30","31.51M","0.73%"
"2022-6-28","34.41","34.30","34.47","34.01","21.97M","0.23%"
"2022-6-27","34.33","33.96","34.45","33.71","27.69M","1.09%"
"2022-6-24","33.96","34.00","34.08","33.61","24.67M","0.24%"
"2022-6-23","33.88","33.74","33.98","33.55","18.05M","0.41%"
"2022-6-22","33.74","34.52","34.52","33.62","31.77M","-2.26%"
"2022-6-21","34.52","34.90","34.90","34.04","26.60M","-6.95%"
"2022-6-20","37.10","37.22","37.22","36.79","31.43M","0.00%"
"2022-6-17","37.10","36.11","37.10","36.11","35.43M","1.56%"
"2022-6-16","36.53","36.86","37.00","36.50","24.08M","-0.95%"
"2022-6-15","36.88","36.18","37.31","36.06","42.75M","1.93%"
"2022-6-14","36.18","35.25","36.19","35.02","35.77M","1.89%"
"2022-6-13","35.51","35.40","35.88","35.11","24.87M","-0.25%"
"2022-6-10","35.60","35.30","35.65","35.10","20.39M","0.08%"
"2022-6-9","35.57","35.74","35.97","35.48","23.83M","-0.50%"
"2022-6-8","35.75","35.52","35.93","35.40","29.44M","0.70%"
"2022-6-7","35.50","35.11","35.50","35.00","33.87M","0.82%"
"2022-6-6","35.21","35.78","35.89","34.70","63.87M","-2.79%"
"2022-6-2","36.22","37.19","37.25","36.03","45.46M","-2.56%"
"2022-6-1","37.17","36.83","37.20","36.83","17.44M","0.92%"
"2022-5-31","36.83","37.08","37.10","36.68","24.04M","-0.67%"
"2022-5-30","37.08","37.05","37.36","36.95","16.61M","-0.38%"
"2022-5-27","37.22","37.70","37.82","37.06","27.80M","-1.25%"
"2022-5-26","37.69","37.42","38.15","37.41","26.84M","1.54%"
"2022-5-25","37.12","36.92","37.24","36.73","12.62M","0.54%"
"2022-5-24","36.92","37.65","37.67","36.90","18.95M","-1.55%"
"2022-5-23","37.50","37.97","37.97","37.42","14.31M","-1.24%"
"2022-5-20","37.97","37.69","38.09","37.56","16.62M","1.15%"
"2022-5-19","37.54","36.95","37.75","36.81","15.23M","0.67%"
"2022-5-18","37.29","37.78","37.82","37.07","21.53M","-1.82%"
"2022-5-17","37.98","38.12","38.12","37.38","16.57M","-0.37%"
"2022-5-16","38.12","38.58","38.69","37.87","15.73M","-0.26%"
"2022-5-13","38.22","37.95","38.27","37.81","15.04M","0.82%"
"2022-5-12","37.91","38.13","38.28","37.59","15.21M","-1.10%"
"2022-5-11","38.33","38.98","39.06","38.12","20.33M","-1.11%"
"2022-5-10","38.76","38.15","38.90","37.79","15.38M","0.08%"
"2022-5-9","38.73","38.89","39.58","38.41","10.92M","-0.51%"
"2022-5-6","38.93","39.50","40.00","38.87","17.23M","-3.59%"
"2022-5-5","40.38","39.98","40.56","39.77","23.95M","1.05%"
"2022-4-29","39.96","39.58","40.20","38.83","27.97M","-0.35%"
"2022-4-28","40.10","39.45","40.26","39.15","28.68M","1.54%"
"2022-4-27","39.49","38.17","40.97","38.17","58.07M","4.86%"
"2022-4-26","37.66","37.10","38.28","36.90","21.72M","1.54%"
"2022-4-25","37.09","38.00","38.66","37.06","20.39M","-3.21%"
"2022-4-22","38.32","37.10","38.66","36.90","18.24M","2.46%"
"2022-4-21","37.40","37.78","38.30","37.22","16.00M","-1.60%"
"2022-4-20","38.01","38.90","39.16","37.83","16.04M","-2.26%"
"2022-4-19","38.89","39.50","39.91","38.79","17.98M","-1.82%"
"2022-4-18","39.61","39.74","40.07","39.13","10.81M","-0.83%"
"2022-4-15","39.94","40.06","40.60","39.80","11.81M","-0.89%"
"2022-4-14","40.30","39.71","40.50","39.02","21.98M","1.64%"
"2022-4-13","39.65","40.24","40.56","39.62","17.45M","-2.00%"
"2022-4-12","40.46","40.24","40.68","39.60","21.40M","-0.10%"
"2022-4-11","40.50","40.98","41.20","40.17","27.03M","-1.03%"
"2022-4-8","40.92","40.68","41.25","40.28","32.17M","1.01%"
"2022-4-7","40.51","40.80","41.83","40.36","35.26M","-1.03%"
"2022-4-6","40.93","39.61","41.13","39.46","30.55M","3.10%"
"2022-4-1","39.70","39.10","39.93","38.99","23.06M","0.53%"
"2022-3-31","39.49","38.54","39.99","38.45","34.82M","1.94%"
"2022-3-30","38.74","37.80","39.00","37.80","27.56M","2.81%"
"2022-3-29","37.68","37.48","37.83","37.21","15.03M","-0.05%"
"2022-3-28","37.70","37.01","37.90","36.68","23.02M","2.25%"
"2022-3-25","36.87","36.84","37.29","36.67","13.21M","-0.03%"
"2022-3-24","36.88","37.00","37.10","36.59","13.98M","-0.70%"
"2022-3-23","37.14","37.10","37.36","36.90","13.19M","-0.19%"
"2022-3-22","37.21","36.94","37.48","36.68","13.21M","0.22%"
"2022-3-21","37.13","37.80","37.87","36.92","19.29M","-1.38%"
"2022-3-18","37.65","37.04","37.88","36.80","20.34M","1.78%"
"2022-3-17","36.99","36.20","37.37","36.00","33.45M","3.93%"
"2022-3-16","35.59","35.13","35.75","33.80","34.77M","2.42%"
"2022-3-15","34.75","37.01","37.03","34.72","42.15M","-6.64%"
"2022-3-14","37.22","37.58","38.35","37.05","17.96M","-2.18%"
"2022-3-11","38.05","37.73","38.18","37.10","27.20M","-0.83%"
"2022-3-10","38.37","39.00","39.20","38.20","20.09M","0.47%"
"2022-3-9","38.19","39.49","39.69","36.65","29.77M","-2.08%"
"2022-3-8","39.00","39.94","40.25","38.80","25.55M","-2.94%"
"2022-3-7","40.18","39.95","40.88","39.71","27.32M","0.58%"
"2022-3-4","39.95","40.80","40.80","39.61","32.17M","-2.94%"
"2022-3-3","41.16","40.79","41.34","40.57","21.39M","1.43%"
"2022-3-2","40.58","40.73","41.26","40.50","18.00M","-0.49%"
"2022-3-1","40.78","40.43","40.94","40.34","15.84M","1.19%"
"2022-2-28","40.30","40.50","40.95","40.03","18.06M","-0.02%"
"2022-2-25","40.31","40.88","41.44","40.25","21.68M","-0.67%"
"2022-2-24","40.58","41.51","41.54","40.12","31.01M","-3.06%"
"2022-2-23","41.86","42.40","42.70","41.61","21.24M","-1.48%"
"2022-2-22","42.49","42.66","42.77","42.08","16.64M","-1.55%"
"2022-2-21","43.16","43.54","43.76","42.70","16.90M","-0.85%"
"2022-2-18","43.53","42.31","43.61","42.15","22.01M","2.11%"
"2022-2-17","42.63","42.49","43.35","41.82","19.20M","0.33%"
"2022-2-16","42.49","42.48","43.20","42.11","18.16M","0.93%"
"2022-2-15","42.10","42.73","42.96","41.80","20.71M","-0.82%"
"2022-2-14","42.45","43.69","44.12","42.38","24.67M","-3.70%"
"2022-2-11","44.08","43.60","44.45","43.31","39.31M","1.15%"
"2022-2-10","43.58","42.07","43.60","41.61","37.37M","3.59%"
"2022-2-9","42.07","41.99","43.10","41.91","23.66M","0.24%"
"2022-2-8","41.97","42.17","42.40","41.28","24.46M","-0.47%"
"2022-2-7","42.17","39.84","42.58","39.78","37.62M","7.55%"
"2022-1-28","39.21","40.21","40.57","39.18","19.08M","-1.66%"
"2022-1-27","39.87","40.48","40.57","39.80","16.48M","-2.38%"
"2022-1-26","40.84","40.52","41.25","39.66","23.29M","0.00%"
"2022-1-25","40.84","41.53","41.90","40.70","16.67M","-2.55%"
"2022-1-24","41.91","42.35","42.40","41.27","21.43M","1.75%"
"2022-1-21","41.19","42.70","42.70","41.09","33.95M","-3.47%"
"2022-1-20","42.67","42.94","43.15","42.30","29.47M","-0.63%"
"2022-1-19","42.94","40.01","43.10","40.01","67.78M","6.84%"
"2022-1-18","40.19","39.08","40.29","38.72","28.72M","3.02%"
"2022-1-17","39.01","39.10","39.29","38.82","20.69M","-0.13%"
"2022-1-14","39.06","40.20","40.25","39.00","32.50M","-3.32%"
"2022-1-13","40.40","41.67","41.84","40.35","26.66M","-2.79%"
"2022-1-12","41.56","43.20","43.33","41.49","38.92M","-4.26%"
"2022-1-11","43.41","44.11","44.19","43.25","21.76M","-1.07%"
"2022-1-10","43.88","43.96","44.50","43.40","25.21M","-0.18%"
"2022-1-7","43.96","43.20","44.15","43.15","37.29M","1.55%"
"2022-1-6","43.29","42.50","44.15","42.32","42.27M","2.44%"
"2022-1-5","42.26","41.55","42.58","41.34","33.09M","1.42%"
"2022-1-4","41.67","40.46","41.85","40.02","27.09M","3.40%"
"2021-12-31","40.30","40.22","40.67","40.00","14.45M","-0.37%"
"2021-12-30","40.45","40.49","40.99","40.24","18.32M","-0.05%"
"2021-12-29","40.47","40.99","41.26","40.31","14.01M","-1.03%"
"2021-12-28","40.89","41.58","41.72","40.67","17.59M","-1.45%"
"2021-12-27","41.49","41.81","42.60","40.98","19.10M","-0.69%"
"2021-12-24","41.78","41.73","41.99","41.28","17.33M","0.07%"
"2021-12-23","41.75","41.20","41.80","40.85","23.07M","1.21%"
"2021-12-22","41.25","41.42","41.50","40.72","19.55M","0.15%"
"2021-12-21","41.19","40.00","41.88","40.00","34.26M","2.28%"
"2021-12-20","40.27","39.77","40.57","39.54","26.82M","0.85%"
"2021-12-17","39.93","40.10","40.68","39.71","36.00M","-0.25%"
"2021-12-16","40.03","39.58","40.13","39.12","18.57M","1.19%"
"2021-12-15","39.56","39.39","39.92","39.32","14.73M","0.15%"
"2021-12-14","39.50","40.55","40.55","39.40","29.14M","-2.81%"
"2021-12-13","40.64","40.50","42.00","40.48","52.08M","3.04%"
"2021-12-10","39.44","39.99","40.10","39.26","28.07M","-1.84%"
"2021-12-9","40.18","39.40","40.45","39.34","41.73M","2.32%"
"2021-12-8","39.27","39.70","39.79","39.01","26.23M","-1.08%"
"2021-12-7","39.70","39.39","40.07","39.39","40.45M","2.21%"
"2021-12-6","38.84","38.69","39.50","38.55","41.75M","1.25%"
"2021-12-3","38.36","38.31","38.40","37.83","29.28M","-0.31%"
"2021-12-2","38.48","36.49","39.10","36.19","67.76M","4.99%"
"2021-12-1","36.65","36.08","36.67","36.03","19.07M","1.19%"
"2021-11-30","36.22","36.14","36.79","36.02","22.10M","0.28%"
"2021-11-29","36.12","36.18","36.20","36.00","21.78M","-1.23%"
"2021-11-26","36.57","37.05","37.05","36.53","20.95M","-1.59%"
"2021-11-25","37.16","37.38","37.38","37.06","11.66M","-0.59%"
"2021-11-24","37.38","37.39","37.48","37.00","14.57M","-0.08%"
"2021-11-23","37.41","37.18","37.64","37.05","14.59M","0.35%"
"2021-11-22","37.28","37.45","37.45","37.01","14.33M","-0.51%"
"2021-11-19","37.47","36.98","37.60","36.70","17.71M","1.27%"
"2021-11-18","37.00","37.10","37.21","36.90","15.72M","-0.13%"
"2021-11-17","37.05","37.18","37.35","36.90","20.45M","-0.38%"
"2021-11-16","37.19","38.25","38.45","37.08","30.67M","-2.77%"
"2021-11-15","38.25","38.14","38.49","37.95","14.88M","0.31%"
"2021-11-12","38.13","38.87","38.89","38.01","28.16M","-1.88%"
"2021-11-11","38.86","36.72","39.12","36.61","54.72M","5.86%"
"2021-11-10","36.71","37.77","37.88","36.30","33.13M","-3.11%"
"2021-11-9","37.89","37.99","38.22","37.70","14.14M","0.24%"
"2021-11-8","37.80","37.64","38.18","37.37","20.15M","-0.05%"
"2021-11-5","37.82","37.87","38.14","37.50","13.27M","-0.53%"
"2021-11-4","38.02","38.17","38.18","37.50","16.07M","0.24%"
"2021-11-3","37.93","37.09","38.30","37.09","20.35M","1.80%"
"2021-11-2","37.26","38.00","38.38","37.00","25.21M","-1.69%"
"2021-11-1","37.90","38.00","38.29","37.68","20.37M","-0.47%"
"2021-10-29","38.08","37.80","38.24","37.76","18.40M","0.11%"
"2021-10-28","38.04","38.05","38.45","37.56","18.42M","-0.03%"
"2021-10-27","38.05","38.75","38.79","37.85","24.58M","-2.31%"
"2021-10-26","38.95","39.42","39.54","38.90","19.81M","-0.59%"
"2021-10-25","39.18","39.99","39.99","39.15","36.32M","-3.52%"
"2021-10-22","40.61","39.88","41.47","39.88","29.99M","1.93%"
"2021-10-21","39.84","40.16","40.66","39.58","25.81M","-1.26%"
"2021-10-20","40.35","40.62","40.85","39.95","18.06M","-0.10%"
"2021-10-19","40.39","40.60","40.75","40.08","20.77M","-1.10%"
"2021-10-18","40.84","40.30","40.84","39.05","27.61M","1.34%"
"2021-10-15","40.30","40.24","40.84","39.99","17.20M","0.17%"
"2021-10-14","40.23","41.10","41.12","40.05","24.17M","-2.09%"
"2021-10-13","41.09","41.68","41.68","40.05","26.78M","-1.53%"
"2021-10-12","41.73","41.76","42.55","41.01","28.89M","-0.10%"
"2021-10-11","41.77","41.54","43.16","41.50","38.86M","1.19%"
"2021-10-8","41.28","41.43","41.69","40.50","22.95M","1.18%"
"2021-9-30","40.80","40.76","41.49","40.40","24.20M","-0.05%"
"2021-9-29","40.82","41.49","41.78","40.67","32.39M","-2.88%"
"2021-9-28","42.03","42.00","42.75","41.45","28.27M","0.67%"
"2021-9-27","41.75","43.39","43.39","41.08","47.92M","-4.05%"
"2021-9-24","43.51","47.24","47.31","43.00","67.56M","-8.67%"
"2021-9-23","47.64","47.12","48.95","47.12","42.11M","2.17%"
"2021-9-22","46.63","46.66","47.50","46.40","26.49M","0.00%"
"2021-9-17","46.63","47.49","47.49","45.12","33.93M","0.91%"
"2021-9-16","46.21","46.42","47.59","45.63","52.48M","1.05%"
"2021-9-15","45.73","48.51","48.60","45.30","56.39M","-5.71%"
"2021-9-14","48.50","49.62","49.80","48.10","51.87M","-1.78%"
"2021-9-13","49.38","48.00","49.61","47.60","83.35M","4.00%"
"2021-9-10","47.48","46.49","49.40","46.49","81.24M","3.28%"
"2021-9-9","45.97","44.50","46.18","44.22","46.56M","3.14%"
"2021-9-8","44.57","45.15","45.27","44.10","36.77M","-1.55%"
"2021-9-7","45.27","45.70","45.82","44.69","37.05M","-0.94%"
"2021-9-6","45.70","44.65","46.30","44.31","72.59M","4.60%"
"2021-9-3","43.69","42.95","44.19","42.20","47.74M","0.81%"
"2021-9-2","43.34","43.50","43.80","42.76","48.55M","0.42%"
"2021-9-1","43.16","40.30","43.78","40.01","91.35M","8.01%"
"2021-8-31","39.96","37.69","40.48","37.69","53.42M","6.87%"
"2021-8-30","37.39","38.66","38.67","37.01","41.04M","-4.91%"
"2021-8-27","39.32","39.62","39.98","39.20","17.41M","-0.33%"
"2021-8-26","39.45","40.40","40.40","39.45","24.06M","-2.59%"
"2021-8-25","40.50","41.20","41.30","40.38","19.37M","-0.74%"
"2021-8-24","40.80","41.64","41.94","40.79","25.80M","-1.97%"
"2021-8-23","41.62","42.14","42.14","41.20","26.20M","-1.26%"
"2021-8-20","42.15","41.15","42.84","40.52","39.65M","2.18%"
"2021-8-19","41.25","42.49","42.50","41.23","27.06M","-3.10%"
"2021-8-18","42.57","41.87","42.63","41.01","29.86M","1.70%"
"2021-8-17","41.86","41.45","42.80","41.45","45.58M","1.04%"
"2021-8-16","41.43","41.60","42.48","41.35","29.90M","0.68%"
"2021-8-13","41.15","40.88","41.60","40.51","21.32M","0.66%"
"2021-8-12","40.88","40.90","41.49","40.41","24.46M","-0.37%"
"2021-8-11","41.03","41.55","41.95","40.90","27.40M","-1.28%"
"2021-8-10","41.56","41.43","41.59","40.31","40.96M","0.34%"
"2021-8-9","41.42","39.10","42.59","38.90","64.59M","5.42%"
"2021-8-6","39.29","40.08","40.09","38.90","24.73M","-2.02%"
"2021-8-5","40.10","39.28","40.49","38.85","41.10M","1.78%"
"2021-8-4","39.40","39.10","39.63","38.71","36.47M","0.56%"
"2021-8-3","39.18","38.80","39.88","38.08","59.53M","0.82%"
"2021-8-2","38.86","35.40","38.94","34.62","73.63M","9.77%"
"2021-7-30","35.40","35.29","35.80","34.65","22.12M","0.28%"
"2021-7-29","35.30","35.96","36.11","35.01","25.42M","-0.87%"
"2021-7-28","35.61","35.50","36.10","35.18","22.64M","0.25%"
"2021-7-27","35.52","37.10","37.38","35.48","32.88M","-4.21%"
"2021-7-26","37.08","38.73","38.73","36.90","33.63M","-4.41%"
"2021-7-23","38.79","39.40","39.67","38.74","21.25M","-1.45%"
"2021-7-22","39.36","38.62","39.73","38.10","30.26M","1.92%"
"2021-7-21","38.62","38.68","39.50","38.43","25.17M","0.81%"
"2021-7-20","38.31","37.90","38.38","37.75","13.27M","0.66%"
"2021-7-19","38.06","38.61","38.61","37.64","23.96M","-1.53%"
"2021-7-16","38.65","38.98","38.99","38.52","14.76M","-1.23%"
"2021-7-15","39.13","38.25","39.25","38.05","23.02M","2.17%"
"2021-7-14","38.30","39.19","39.20","38.20","26.79M","-2.32%"
"2021-7-13","39.21","39.20","39.48","38.92","16.71M","0.03%"
"2021-7-12","39.20","39.63","39.95","39.16","16.92M","-0.05%"
"2021-7-9","39.22","39.29","39.83","38.94","18.72M","-0.78%"
"2021-7-8","39.53","40.49","40.50","39.50","25.65M","-2.40%"
"2021-7-7","40.50","40.45","40.71","40.11","14.19M","-0.34%"
"2021-7-6","40.64","40.18","40.74","40.10","16.40M","1.14%"
"2021-7-5","40.18","40.33","40.55","39.90","17.21M","-0.37%"
"2021-7-2","40.33","41.01","41.08","40.21","23.45M","-3.15%"
"2021-7-1","41.64","41.00","41.94","40.41","27.99M","1.44%"
"2021-6-30","41.05","41.11","41.53","40.80","16.55M","-0.19%"
"2021-6-29","41.13","42.20","42.20","41.13","17.32M","-2.37%"
"2021-6-28","42.13","42.10","42.56","41.72","16.12M","0.12%"
"2021-6-25","42.08","41.65","42.21","41.50","17.03M","1.42%"
"2021-6-24","41.49","42.00","42.09","41.21","14.55M","-0.93%"
"2021-6-23","41.88","41.41","42.14","41.40","18.37M","1.18%"
"2021-6-22","41.39","40.89","41.97","40.85","25.95M","1.15%"
"2021-6-21","40.92","42.40","42.40","40.82","47.81M","-4.37%"
"2021-6-18","42.79","43.89","43.91","42.57","32.23M","-2.51%"
"2021-6-17","43.89","44.90","44.91","43.85","26.52M","-6.78%"
"2021-6-16","47.08","47.21","47.40","46.57","24.02M","-0.19%"
"2021-6-15","47.17","48.10","48.28","47.06","24.11M","-1.91%"
"2021-6-11","48.09","48.66","48.68","48.08","18.82M","-0.70%"
"2021-6-10","48.43","48.82","49.10","48.43","19.57M","-0.76%"
"2021-6-9","48.80","49.20","49.23","48.76","17.98M","-0.27%"
"2021-6-8","48.93","48.40","48.93","48.30","21.96M","0.78%"
"2021-6-7","48.55","48.28","48.69","48.00","21.61M","0.56%"
"2021-6-4","48.28","48.41","48.74","48.15","19.61M","-0.27%"
"2021-6-3","48.41","48.30","48.59","48.23","17.36M","0.12%"
"2021-6-2","48.35","48.74","48.74","48.30","21.68M","-0.82%"
"2021-6-1","48.75","49.02","49.02","48.55","21.81M","-0.57%"
"2021-5-31","49.03","49.19","49.19","48.80","24.78M","-0.04%"
"2021-5-28","49.05","49.65","49.80","49.00","27.76M","-0.97%"
"2021-5-27","49.53","49.72","49.98","49.47","22.85M","-0.30%"
"2021-5-26","49.68","49.68","49.96","49.48","18.19M","0.02%"
"2021-5-25","49.67","49.01","49.73","48.88","24.48M","1.35%"
"2021-5-24","49.01","49.16","49.16","48.88","14.30M","-0.22%"
"2021-5-21","49.12","49.44","49.69","49.10","14.71M","-0.53%"
"2021-5-20","49.38","49.48","49.50","49.05","14.63M","-0.26%"
"2021-5-19","49.51","49.89","49.89","49.25","13.75M","-0.76%"
"2021-5-18","49.89","50.34","50.38","49.70","13.41M","-0.85%"
"2021-5-17","50.32","49.86","50.80","49.86","23.67M","0.98%"
"2021-5-14","49.83","49.00","49.89","49.00","20.47M","1.69%"
"2021-5-13","49.00","49.16","49.30","48.90","15.04M","-0.61%"
"2021-5-12","49.30","49.20","49.63","49.10","11.91M","-0.26%"
"2021-5-11","49.43","49.92","49.92","48.80","20.01M","-1.36%"
"2021-5-10","50.11","50.40","50.93","49.60","23.47M","-0.26%"
"2021-5-7","50.24","49.37","50.60","49.37","30.70M","1.74%"
"2021-5-6","49.38","49.05","49.75","49.05","16.23M","0.71%"
"2021-4-30","49.03","49.50","49.71","48.95","17.79M","-1.43%"
"2021-4-29","49.74","49.51","49.80","49.13","14.68M","0.57%"
"2021-4-28","49.46","49.01","49.92","49.00","15.67M","1.19%"
"2021-4-27","48.88","49.48","49.49","48.80","21.89M","-1.39%"
"2021-4-26","49.57","50.03","50.30","49.50","24.41M","-0.96%"
"2021-4-23","50.05","50.12","50.26","49.96","17.30M","-0.14%"
"2021-4-22","50.12","50.15","50.37","50.00","12.54M","-0.16%"
"2021-4-21","50.20","50.40","50.40","49.90","14.90M","-0.59%"
"2021-4-20","50.50","50.90","50.91","50.47","15.80M","-0.55%"
"2021-4-19","50.78","50.39","50.81","50.10","18.78M","0.77%"
"2021-4-16","50.39","49.98","50.50","49.96","11.16M","0.88%"
"2021-4-15","49.95","50.31","50.31","49.70","13.33M","-0.77%"
"2021-4-14","50.34","50.25","50.46","50.06","11.08M","0.66%"
"2021-4-13","50.01","50.22","50.43","49.85","17.00M","-0.42%"
"2021-4-12","50.22","50.66","50.74","50.21","17.07M","-0.87%"
"2021-4-9","50.66","51.18","51.18","50.48","16.19M","-1.02%"
"2021-4-8","51.18","51.40","51.41","50.90","17.94M","-0.87%"
"2021-4-7","51.63","50.90","51.65","50.20","31.30M","1.04%"
"2021-4-6","51.10","51.36","51.49","51.05","18.40M","-0.45%"
"2021-4-2","51.33","51.42","51.50","51.11","17.21M","-0.18%"
"2021-4-1","51.42","51.40","51.42","51.00","16.66M","0.39%"
"2021-3-31","51.22","51.69","51.77","50.91","17.79M","-0.74%"
"2021-3-30","51.60","51.69","51.92","51.43","28.21M","-0.15%"
"2021-3-29","51.68","51.72","52.40","51.58","35.13M","0.68%"
"2021-3-26","51.33","51.25","51.55","50.70","28.55M","0.84%"
"2021-3-25","50.90","50.77","51.19","50.32","23.35M","0.34%"
"2021-3-24","50.73","51.26","51.72","50.62","27.62M","-1.84%"
"2021-3-23","51.68","52.26","53.49","51.39","37.04M","-0.58%"
"2021-3-22","51.98","51.56","52.00","50.99","19.63M","0.81%"
"2021-3-19","51.56","52.49","52.50","51.50","27.37M","-2.63%"
"2021-3-18","52.95","53.15","53.65","52.71","21.54M","-0.23%"
"2021-3-17","53.07","54.05","54.07","52.68","25.46M","-1.72%"
"2021-3-16","54.00","53.90","54.14","53.08","23.45M","0.28%"
"2021-3-15","53.85","54.06","54.88","53.33","38.84M","-1.05%"
"2021-3-12","54.42","53.55","54.89","53.01","61.57M","2.33%"
"2021-3-11","53.18","51.80","53.68","51.79","58.27M","4.25%"
"2021-3-10","51.01","50.90","51.25","50.35","20.52M","0.97%"
"2021-3-9","50.52","51.29","51.88","49.90","35.64M","-1.14%"
"2021-3-8","51.10","52.04","52.87","51.05","36.56M","-0.21%"
"2021-3-5","51.21","52.80","52.92","51.16","44.92M","-3.89%"
"2021-3-4","53.28","53.83","54.27","53.01","30.06M","-1.84%"
"2021-3-3","54.28","53.50","54.40","53.01","35.59M","1.57%"
"2021-3-2","53.44","53.03","54.44","52.71","38.88M","0.56%"
"2021-3-1","53.14","53.34","53.88","52.62","29.28M","-0.37%"
"2021-2-26","53.34","53.33","54.24","53.01","31.70M","-2.22%"
"2021-2-25","54.55","53.79","54.86","52.80","49.92M","2.56%"
"2021-2-24","53.19","52.99","54.14","52.66","43.13M","1.31%"
"2021-2-23","52.50","53.60","54.32","52.38","52.37M","-3.51%"
"2021-2-22","54.41","55.15","56.20","54.40","79.80M","-0.46%"
"2021-2-19","54.66","52.09","54.86","51.70","79.05M","5.22%"
"2021-2-18","51.95","52.82","53.79","51.50","46.47M","0.12%"
"2021-2-10","51.89","51.10","52.08","50.68","33.75M","1.51%"
"2021-2-9","51.12","51.39","51.40","50.52","32.55M","-0.20%"
"2021-2-8","51.22","50.19","51.45","49.94","36.04M","2.05%"
"2021-2-5","50.19","48.97","50.77","48.51","42.43M","2.43%"
"2021-2-4","49.00","49.59","49.59","48.09","43.37M","-1.37%"
"2021-2-3","49.68","50.00","50.27","49.20","33.25M","-0.64%"
"2021-2-2","50.00","50.65","50.68","49.50","59.97M","-0.99%"
"2021-2-1","50.50","50.50","50.60","50.00","30.91M","0.12%"
"2021-1-29","50.44","50.99","51.20","50.00","41.32M","-0.71%"
"2021-1-28","50.80","51.21","51.39","50.52","38.94M","-1.74%"
"2021-1-27","51.70","51.98","52.79","51.55","35.91M","-0.44%"
"2021-1-26","51.93","52.30","52.80","51.40","47.90M","-2.09%"
"2021-1-25","53.04","52.05","53.57","51.31","58.86M","1.45%"
"2021-1-22","52.28","53.30","53.37","52.11","37.59M","-1.82%"
"2021-1-21","53.25","54.00","54.19","53.01","46.31M","-1.39%"
"2021-1-20","54.00","55.00","55.00","53.89","31.23M","-1.94%"
"2021-1-19","55.07","55.33","55.50","54.00","39.93M","-0.20%"
"2021-1-18","55.18","55.01","55.28","54.16","36.66M","-0.72%"
"2021-1-15","55.58","55.80","56.18","55.01","32.55M","-1.09%"
"2021-1-14","56.19","57.00","57.27","55.72","40.52M","-1.94%"
"2021-1-13","57.30","56.94","58.88","56.41","54.06M","0.63%"
"2021-1-12","56.94","56.52","57.10","55.40","43.07M","0.76%"
"2021-1-11","56.51","57.60","58.16","56.06","65.94M","0.11%"
"2021-1-8","56.45","55.20","56.68","55.16","66.11M","2.77%"
"2021-1-7","54.93","55.01","55.05","53.54","68.86M","-1.70%"
"2021-1-6","55.88","51.82","56.90","51.82","111.77M","7.86%"
"2021-1-5","51.81","52.25","52.32","51.01","41.98M","-0.90%"
"2021-1-4","52.28","51.70","52.43","51.31","31.90M","1.28%"
"2020-12-31","51.62","51.40","52.33","51.12","26.81M","0.55%"
"2020-12-30","51.34","51.20","51.39","50.63","19.48M","-0.27%"
"2020-12-29","51.48","50.50","51.97","50.07","27.53M","2.57%"
"2020-12-28","50.19","51.15","51.19","50.02","35.83M","-1.86%"
"2020-12-25","51.14","51.39","51.41","50.88","15.56M","-0.47%"
"2020-12-24","51.38","51.25","52.12","50.99","16.78M","0.25%"
"2020-12-23","51.25","51.50","51.69","50.88","21.40M","-0.54%"
"2020-12-22","51.53","52.79","52.90","51.50","32.37M","-2.39%"
"2020-12-21","52.79","52.60","53.07","52.30","19.15M","-0.71%"
"2020-12-18","53.17","52.91","53.72","52.75","19.52M","0.51%"
"2020-12-17","52.90","52.54","53.15","51.89","20.03M","0.38%"
"2020-12-16","52.70","52.50","52.88","52.30","16.62M","-0.87%"
"2020-12-15","53.16","52.02","53.35","51.68","20.36M","2.19%"
"2020-12-14","52.02","52.46","52.66","51.58","19.88M","-0.82%"
"2020-12-11","52.45","52.91","53.31","52.08","18.13M","-0.87%"
"2020-12-10","52.91","52.81","53.19","52.55","16.01M","-0.04%"
"2020-12-9","52.93","53.44","53.82","52.87","18.96M","-0.95%"
"2020-12-8","53.44","54.23","54.68","53.42","21.82M","-1.46%"
"2020-12-7","54.23","55.73","55.74","54.11","31.83M","-2.94%"
"2020-12-4","55.87","55.44","55.87","54.89","16.38M","0.72%"
"2020-12-3","55.47","56.08","56.18","55.13","20.87M","-1.05%"
"2020-12-2","56.06","56.20","56.49","55.80","17.17M","-0.39%"
"2020-12-1","56.28","56.03","56.45","55.75","21.79M","-0.39%"
"2020-11-30","56.50","55.60","56.68","55.51","35.74M","1.80%"
"2020-11-27","55.50","55.10","55.69","54.85","16.15M","0.89%"
"2020-11-26","55.01","55.50","55.80","54.61","18.61M","-0.99%"
"2020-11-25","55.56","57.11","57.57","55.29","26.11M","-2.77%"
"2020-11-24","57.14","56.90","57.50","56.22","22.39M","0.32%"
"2020-11-23","56.96","56.23","57.70","55.73","31.70M","1.35%"
"2020-11-20","56.20","56.88","56.88","56.00","20.53M","-1.04%"
"2020-11-19","56.79","57.13","57.45","56.44","23.05M","-1.23%"
"2020-11-18","57.50","57.74","58.09","56.83","25.25M","-0.45%"
"2020-11-17","57.76","56.80","58.67","56.26","55.74M","1.76%"
"2020-11-16","56.76","55.40","56.87","55.20","41.75M","3.24%"
"2020-11-13","54.98","55.50","55.65","54.56","22.04M","-1.54%"
"2020-11-12","55.84","55.69","56.46","55.00","32.69M","-0.23%"
"2020-11-11","55.97","54.11","56.38","53.75","55.14M","3.65%"
"2020-11-10","54.00","55.34","55.60","53.76","34.62M","-2.40%"
"2020-11-9","55.33","55.15","55.68","54.73","37.65M","1.08%"
"2020-11-6","54.74","54.61","55.40","53.90","35.12M","0.24%"
"2020-11-5","54.61","55.30","55.50","54.19","37.54M","0.13%"
"2020-11-4","54.54","51.94","54.87","51.80","64.75M","5.60%"
"2020-11-3","51.65","51.26","51.89","50.90","28.29M","1.14%"
"2020-11-2","51.07","50.83","51.55","50.61","22.56M","0.45%"
"2020-10-30","50.84","52.05","52.10","50.70","27.97M","-2.32%"
"2020-10-29","52.05","51.00","52.55","50.90","27.64M","0.10%"
"2020-10-28","52.00","52.20","52.40","51.00","36.49M","-1.23%"
"2020-10-27","52.65","52.00","52.92","51.61","25.66M","1.31%"
"2020-10-26","51.97","53.20","53.20","51.70","26.18M","-2.31%"
"2020-10-23","53.20","53.24","53.60","53.00","17.50M","-0.08%"
"2020-10-22","53.24","53.92","54.00","53.07","19.75M","-1.54%"
"2020-10-21","54.07","54.52","54.67","53.70","17.55M","-0.46%"
"2020-10-20","54.32","54.14","54.40","53.69","20.09M","0.44%"
"2020-10-19","54.08","55.19","55.58","54.03","27.38M","-1.80%"
"2020-10-16","55.07","55.44","56.27","54.85","27.08M","-1.06%"
"2020-10-15","55.66","55.61","55.99","55.02","20.29M","0.11%"
"2020-10-14","55.60","56.43","56.45","55.02","29.01M","-1.51%"
"2020-10-13","56.45","56.88","56.88","56.30","21.79M","-0.77%"
"2020-10-12","56.89","55.58","56.99","55.55","28.91M","2.28%"
"2020-10-9","55.62","56.09","56.12","54.78","32.45M","0.65%"
"2020-9-30","55.26","56.21","56.49","54.70","24.59M","-1.06%"
"2020-9-29","55.85","56.41","56.74","55.76","18.39M","-0.76%"
"2020-9-28","56.28","56.90","57.43","56.16","13.94M","-0.74%"
"2020-9-25","56.70","57.20","57.55","56.52","14.41M","-0.91%"
"2020-9-24","57.22","57.90","58.00","57.13","15.62M","-1.68%"
"2020-9-23","58.20","58.95","58.95","58.01","12.65M","-0.90%"
"2020-9-22","58.73","59.30","59.50","58.51","14.51M","-1.71%"
"2020-9-21","59.75","60.48","60.79","59.39","15.95M","-0.47%"
"2020-9-18","60.03","58.83","60.15","58.46","25.18M","2.53%"
"2020-9-17","58.55","59.19","59.29","58.18","13.83M","-1.16%"
"2020-9-16","59.24","59.25","59.63","58.80","13.50M","0.08%"
"2020-9-15","59.19","59.08","59.43","58.42","14.35M","0.00%"
"2020-9-14","59.19","58.25","59.35","58.25","21.79M","2.05%"
"2020-9-11","58.00","58.05","58.20","57.20","13.91M","0.26%"
"2020-9-10","57.85","58.30","58.98","57.71","19.35M","0.26%"
"2020-9-9","57.70","58.03","58.38","57.19","19.49M","-1.97%"
"2020-9-8","58.86","58.50","58.99","57.71","19.09M","1.00%"
"2020-9-7","58.28","59.40","59.89","58.05","21.03M","-1.97%"
"2020-9-4","59.45","58.97","59.50","58.68","16.68M","-0.20%"
"2020-9-3","59.57","59.73","60.32","59.31","23.90M","-0.22%"
"2020-9-2","59.70","60.45","60.49","59.29","24.43M","-1.00%"
"2020-9-1","60.30","60.70","60.74","59.75","28.66M","-1.00%"
"2020-8-31","60.91","62.87","63.18","60.90","29.91M","-1.92%"
"2020-8-28","62.10","60.64","62.20","60.33","31.34M","2.42%"
"2020-8-27","60.63","61.28","61.40","60.02","17.94M","-0.44%"
"2020-8-26","60.90","61.34","62.10","60.65","22.44M","-0.62%"
"2020-8-25","61.28","62.50","62.59","60.67","23.96M","-0.49%"
"2020-8-24","61.58","60.79","62.00","60.65","39.64M","3.74%"
"2020-8-21","59.36","59.87","60.00","59.00","12.70M","0.20%"
"2020-8-20","59.24","60.51","60.51","59.00","20.09M","-2.32%"
"2020-8-19","60.65","61.15","61.89","60.58","18.94M","-0.80%"
"2020-8-18","61.14","61.10","61.39","60.51","18.02M","0.07%"
"2020-8-17","61.10","59.46","61.11","59.00","31.05M","2.78%"
"2020-8-14","59.45","59.03","59.48","58.38","19.42M","0.71%"
"2020-8-13","59.03","59.20","59.80","58.64","18.01M","-0.08%"
"2020-8-12","59.08","60.55","60.78","58.01","31.56M","-2.43%"
"2020-8-11","60.55","61.98","62.07","60.50","22.05M","-1.70%"
"2020-8-10","61.60","62.70","63.49","61.00","28.58M","0.16%"
"2020-8-7","61.50","61.50","61.61","60.31","25.08M","0.34%"
"2020-8-6","61.29","62.10","62.87","60.79","29.61M","-0.95%"
"2020-8-5","61.88","62.60","62.69","61.35","27.02M","-1.29%"
"2020-8-4","62.69","62.80","63.30","62.19","29.95M","0.76%"
"2020-8-3","62.22","62.56","63.50","62.02","36.60M","1.30%"
"2020-7-31","61.42","61.00","62.69","60.91","35.48M","-0.05%"
"2020-7-30","61.45","61.99","63.56","61.18","55.29M","1.27%"
"2020-7-29","60.68","59.60","60.80","59.05","31.91M","1.30%"
"2020-7-28","59.90","60.18","60.95","59.45","28.41M","0.23%"
"2020-7-27","59.76","59.62","60.90","59.14","36.21M","1.55%"
"2020-7-24","58.85","60.46","60.94","58.20","44.37M","-3.60%"
"2020-7-23","61.05","60.08","61.50","59.11","43.75M","0.13%"
"2020-7-22","60.97","60.68","61.36","59.90","49.56M","0.10%"
"2020-7-21","60.91","62.69","62.99","59.82","86.36M","-2.84%"
"2020-7-20","62.69","58.00","62.69","58.00","130.53M","10.00%"
"2020-7-17","56.99","56.00","57.53","55.73","39.63M","2.46%"
"2020-7-16","55.62","57.50","58.78","55.49","60.71M","-3.02%"
"2020-7-15","57.35","58.94","59.34","57.10","40.13M","-2.10%"
"2020-7-14","58.58","58.67","59.88","57.71","52.42M","0.19%"
"2020-7-13","58.47","57.00","59.18","56.82","58.43M","2.26%"
"2020-7-10","57.18","58.83","58.83","57.00","53.35M","-3.48%"
"2020-7-9","59.24","57.96","59.45","57.10","69.07M","2.23%"
"2020-7-8","57.95","58.70","59.00","57.11","42.52M","-0.09%"
"2020-7-7","58.00","59.00","60.60","58.00","53.23M","-0.72%"
"2020-7-6","58.42","57.23","58.80","57.23","51.46M","2.91%"
"2020-7-3","56.77","56.60","57.84","56.08","44.25M","0.32%"
"2020-7-2","56.59","55.83","56.68","55.66","55.18M","2.17%"
"2020-7-1","55.39","53.18","55.55","52.91","56.88M","4.69%"
"2020-6-30","52.91","52.99","53.30","52.58","25.53M","0.28%"
"2020-6-29","52.76","53.44","53.87","52.52","38.98M","-2.48%"
"2020-6-24","54.10","53.59","54.54","53.56","27.31M","1.31%"
"2020-6-23","53.40","53.85","53.86","53.19","30.22M","-1.22%"
"2020-6-22","54.06","54.75","54.75","53.83","26.36M","-0.99%"
"2020-6-19","54.60","54.50","54.83","53.80","34.30M","0.13%"
"2020-6-18","54.53","54.05","54.60","53.31","24.21M","-2.71%"
"2020-6-17","56.05","55.98","56.45","55.40","32.70M","0.05%"
"2020-6-16","56.02","56.39","56.40","55.55","28.78M","0.76%"
"2020-6-15","55.60","55.79","56.54","55.20","22.38M","-0.71%"
"2020-6-12","56.00","55.90","56.61","55.68","27.70M","-1.34%"
"2020-6-11","56.76","57.81","57.81","56.02","34.59M","-1.83%"
"2020-6-10","57.82","56.86","57.98","56.53","35.81M","2.23%"
"2020-6-9","56.56","55.90","56.97","55.82","24.52M","0.98%"
"2020-6-8","56.01","56.31","56.80","55.52","27.07M","-0.23%"
"2020-6-5","56.14","56.60","56.62","55.18","35.29M","-0.87%"
"2020-6-4","56.63","57.95","57.95","56.40","25.20M","-1.63%"
"2020-6-3","57.57","57.88","58.36","57.50","20.05M","-0.16%"
"2020-6-2","57.66","58.03","58.22","57.22","23.52M","-1.18%"
"2020-6-1","58.35","57.43","58.48","56.98","33.15M","2.73%"
"2020-5-29","56.80","56.96","57.37","56.26","23.58M","-1.25%"
"2020-5-28","57.52","56.96","58.00","56.80","17.32M","1.00%"
"2020-5-27","56.95","57.53","57.88","56.88","16.24M","-0.82%"
"2020-5-26","57.42","57.27","57.96","57.00","19.79M","1.25%"
"2020-5-25","56.71","56.90","56.98","55.88","20.43M","-0.49%"
"2020-5-22","56.99","58.10","58.27","56.85","25.24M","-2.63%"
"2020-5-21","58.53","58.78","58.97","57.60","21.43M","-0.12%"
"2020-5-20","58.60","59.40","59.57","58.27","24.08M","-1.35%"
"2020-5-19","59.40","60.10","60.48","59.17","18.03M","0.02%"
"2020-5-18","59.39","59.55","59.98","59.07","21.23M","0.92%"
"2020-5-15","58.85","59.21","59.50","58.17","22.59M","-0.56%"
"2020-5-14","59.18","60.98","61.16","59.01","35.70M","-3.28%"
"2020-5-13","61.19","61.31","61.40","60.31","19.32M","-0.37%"
"2020-5-12","61.42","62.00","62.24","60.55","22.32M","-0.86%"
"2020-5-11","61.95","61.21","62.87","61.18","32.32M","1.81%"
"2020-5-8","60.85","61.01","61.33","60.34","21.44M","-0.08%"
"2020-5-7","60.90","59.70","60.94","59.70","29.53M","2.20%"
"2020-5-6","59.59","59.30","59.92","58.68","36.53M","-0.62%"
"2020-4-30","59.96","60.25","60.35","59.40","20.84M","-0.07%"
"2020-4-29","60.00","58.75","60.80","58.74","25.44M","2.15%"
"2020-4-28","58.74","58.98","59.02","57.62","19.54M","0.56%"
"2020-4-27","58.41","58.60","59.36","58.25","19.47M","0.64%"
"2020-4-24","58.04","57.92","58.30","57.30","18.25M","0.21%"
"2020-4-23","57.92","59.66","59.85","57.92","23.80M","-2.70%"
"2020-4-22","59.53","58.70","59.59","58.35","16.84M","0.64%"
"2020-4-21","59.15","59.00","59.84","58.05","21.05M","-0.69%"
"2020-4-20","59.56","58.97","60.21","58.95","30.22M","2.32%"
"2020-4-17","58.21","57.75","59.38","57.36","30.41M","1.62%"
"2020-4-16","57.28","57.21","57.74","56.88","18.28M","-0.90%"
"2020-4-15","57.80","59.36","59.36","57.62","29.09M","-3.12%"
"2020-4-14","59.66","58.90","59.68","58.66","23.23M","0.61%"
"2020-4-13","59.30","57.70","60.02","57.31","27.62M","2.45%"
"2020-4-10","57.88","58.40","58.90","57.20","22.53M","-0.12%"
"2020-4-9","57.95","57.87","58.59","57.30","22.55M","0.61%"
"2020-4-8","57.60","57.01","58.31","56.76","25.99M","-0.35%"
"2020-4-7","57.80","55.88","58.56","55.86","61.94M","5.82%"
"2020-4-3","54.62","54.20","55.41","54.20","17.59M","-0.18%"
"2020-4-2","54.72","54.09","54.79","53.47","22.84M","-0.15%"
"2020-4-1","54.80","54.80","56.07","54.62","21.90M","-0.54%"
"2020-3-31","55.10","56.38","56.50","54.91","24.04M","-1.33%"
"2020-3-30","55.84","54.97","56.68","54.53","35.02M","0.04%"
"2020-3-27","55.82","55.00","56.50","54.28","36.33M","2.74%"
"2020-3-26","54.33","54.31","56.23","54.24","23.98M","-1.86%"
"2020-3-25","55.36","56.50","57.19","54.72","43.50M","1.30%"
"2020-3-24","54.65","53.13","54.65","52.57","45.92M","5.64%"
"2020-3-23","51.73","50.50","53.00","50.48","44.99M","-2.16%"
"2020-3-20","52.87","50.86","53.08","49.85","51.33M","5.55%"
"2020-3-19","50.09","51.15","52.26","47.68","57.76M","-2.55%"
"2020-3-18","51.40","51.65","53.58","51.34","47.97M","0.78%"
"2020-3-17","51.00","52.49","53.15","49.20","46.04M","-1.35%"
"2020-3-16","51.70","54.53","55.13","51.41","37.31M","-4.47%"
"2020-3-13","54.12","52.50","55.39","51.87","38.34M","-1.94%"
"2020-3-12","55.19","55.05","55.70","53.89","34.49M","-1.69%"
"2020-3-11","56.14","57.53","57.55","56.05","25.09M","-2.48%"
"2020-3-10","57.57","55.70","58.22","55.29","42.83M","3.36%"
"2020-3-9","55.70","56.10","56.63","55.15","43.45M","-2.62%"
"2020-3-6","57.20","58.47","58.60","57.15","42.46M","-3.15%"
"2020-3-5","59.06","59.43","59.81","58.57","38.15M","-0.30%"
"2020-3-4","59.24","58.18","60.18","58.00","47.56M","0.41%"
"2020-3-3","59.00","62.13","62.13","58.22","90.46M","-2.17%"
"2020-3-2","60.31","55.28","60.35","55.28","103.86M","9.93%"
"2020-2-28","54.86","54.23","56.88","54.00","57.98M","-1.45%"
"2020-2-27","55.67","53.35","56.45","53.35","64.12M","4.47%"
"2020-2-26","53.29","50.99","54.25","50.76","64.68M","2.58%"
"2020-2-25","51.95","51.85","52.64","51.05","34.73M","-2.02%"
"2020-2-24","53.02","52.22","54.55","51.93","44.96M","1.45%"
"2020-2-21","52.26","52.01","52.85","51.68","28.59M","-0.36%"
"2020-2-20","52.45","52.48","52.66","51.51","26.18M","0.44%"
"2020-2-19","52.22","51.51","52.97","51.02","26.36M","0.81%"
"2020-2-18","51.80","53.01","53.27","51.37","44.44M","-3.03%"
"2020-2-17","53.42","52.82","53.53","52.38","29.90M","1.14%"
"2020-2-14","52.82","52.00","53.00","52.00","24.54M","0.51%"
"2020-2-13","52.55","52.00","52.97","51.53","37.50M","1.43%"
"2020-2-12","51.81","50.80","51.83","50.60","29.14M","0.41%"
"2020-2-11","51.60","50.88","52.10","50.61","40.20M","0.64%"
"2020-2-10","51.27","47.80","51.50","47.55","46.79M","6.13%"
"2020-2-7","48.31","47.69","48.45","47.44","24.04M","0.73%"
"2020-2-6","47.96","47.52","48.34","46.81","28.76M","1.65%"
"2020-2-5","47.18","47.40","48.15","46.90","38.92M","-0.51%"
"2020-2-4","47.42","45.28","48.30","45.28","48.56M","5.78%"
"2020-2-3","44.83","43.21","45.30","43.21","75.94M","-6.60%"
"2020-1-23","48.00","49.90","50.00","47.55","43.51M","-4.08%"
"2020-1-22","50.04","49.62","50.47","49.31","39.85M","-0.18%"
"2020-1-21","50.13","52.00","52.02","50.08","40.75M","-4.80%"
"2020-1-20","52.66","52.13","53.20","52.10","26.28M","1.02%"
"2020-1-17","52.13","52.20","52.65","51.82","16.93M","0.77%"
"2020-1-16","51.73","52.27","52.60","51.60","24.71M","-1.45%"
"2020-1-15","52.49","53.10","53.21","52.15","17.40M","-0.79%"
"2020-1-14","52.91","52.70","53.50","52.48","23.10M","0.36%"
"2020-1-13","52.72","53.00","53.00","51.70","32.98M","-1.35%"
"2020-1-10","53.44","53.11","53.58","52.30","25.07M","0.56%"
"2020-1-9","53.14","53.40","53.50","52.66","22.79M","0.85%"
"2020-1-8","52.69","53.00","53.38","52.60","23.23M","-1.48%"
"2020-1-7","53.48","53.12","54.13","53.12","23.48M","0.30%"
"2020-1-6","53.32","54.01","54.54","53.05","34.36M","-2.49%"
"2020-1-3","54.68","56.00","56.10","54.44","28.86M","-2.01%"
"2020-1-2","55.80","55.30","57.75","55.03","41.12M","1.82%"